customer_id,event_date,amount,currency
c0015,2026-01-15,93.3,usd
c0004,2026-01-15,103.19,usd
c0036,2026-01-15,102.35,usd
c0032,2026-01-15,101.99,usd
c0029,2026-01-15,112.27,usd
c0018,2026-01-15,94.47,usd
c0014,2026-01-15,87.99,usd
c0070,2026-01-15,91.93,usd
c0012,2026-01-15,91.48,usd
c0055,2026-01-15,109.7,usd
c0005,2026-01-15,85.86,usd
c0079,2026-01-15,99.16,usd
c0072,2026-01-15,109.05,usd
c0028,2026-01-15,90.0,usd
c0030,2026-01-15,90.14,usd
c0065,2026-01-15,108.61,usd
c0069,2026-01-15,102.14,usd
c0078,2026-01-15,94.29,usd
c0013,2026-01-15,83.49,usd
c0046,2026-01-15,91.17,usd
c0042,2026-01-15,103.43,usd
c0045,2026-01-15,106.97,usd
c0035,2026-01-15,103.93,usd
c0027,2026-01-15,85.34,usd
c0080,2026-01-15,110.42,usd
c0076,2026-01-15,108.05,usd
c0038,2026-01-15,104.74,usd
c0075,2026-01-15,108.89,usd
c0052,2026-01-15,87.41,usd
c0001,2026-01-15,86.57,usd
c0049,2026-01-15,89.55,usd
c0011,2026-01-15,89.78,usd
c0059,2026-01-15,86.52,usd
c0067,2026-01-15,103.34,usd
c0022,2026-01-15,86.97,usd
c0053,2026-01-15,99.8,usd
c0010,2026-01-15,103.92,usd
c0074,2026-01-15,88.55,usd
c0061,2026-01-15,95.71,usd
c0007,2026-01-15,89.73,usd
c0006,2026-01-15,84.23,usd
c0025,2026-01-15,109.33,usd
c0041,2026-01-15,103.53,usd
c0023,2026-01-15,85.62,usd
c0037,2026-01-15,101.97,usd
c0017,2026-01-15,93.2,usd
c0003,2026-01-15,87.4,usd
c0066,2026-01-15,103.3,usd
c0008,2026-01-15,101.0,usd
c0033,2026-01-15,88.08,usd
c0062,2026-01-15,94.61,usd
c0034,2026-01-15,89.46,usd
c0048,2026-01-15,109.07,usd
c0044,2026-01-15,90.03,usd
c0021,2026-01-15,104.75,usd
c0020,2026-01-15,91.08,usd
c0068,2026-01-15,105.38,usd
c0019,2026-01-15,108.22,usd
c0054,2026-01-15,105.26,usd
c0071,2026-01-15,96.64,usd
c0002,2026-01-15,91.39,usd
c0077,2026-01-15,101.2,usd
c0057,2026-01-15,98.28,usd
c0026,2026-01-15,100.27,usd
c0063,2026-01-15,112.59,usd
c0043,2026-01-15,105.89,usd
c0039,2026-01-15,96.89,usd
c0060,2026-01-15,88.0,usd
c0073,2026-01-15,111.87,usd
c0016,2026-01-15,89.63,usd
c0040,2026-01-15,112.39,usd
c0058,2026-01-15,105.52,usd
c0047,2026-01-15,110.15,usd
c0009,2026-01-15,89.15,usd
c0056,2026-01-15,93.94,usd
c0031,2026-01-15,94.48,usd
c0051,2026-01-15,96.79,usd
c0024,2026-01-15,107.68,usd
c0064,2026-01-15,90.69,usd
c0050,2026-01-15,94.93,usd
c0005,2026-02-15,86.89,usd
c0037,2026-02-15,103.19,usd
c0019,2026-02-15,109.51,usd
c0060,2026-02-15,89.06,usd
c0048,2026-02-15,110.37,usd
c0013,2026-02-15,84.49,usd
c0059,2026-02-15,87.56,usd
c0064,2026-02-15,91.78,usd
c0003,2026-02-15,88.45,usd
c0066,2026-02-15,104.54,usd
c0056,2026-02-15,95.07,usd
c0076,2026-02-15,109.34,usd
c0070,2026-02-15,93.03,usd
c0051,2026-02-15,97.95,usd
c0023,2026-02-15,86.64,usd
c0008,2026-02-15,102.21,usd
c0014,2026-02-15,89.05,usd
c0053,2026-02-15,101.0,usd
c0065,2026-02-15,109.91,usd
c0025,2026-02-15,110.64,usd
c0010,2026-02-15,105.17,usd
c0007,2026-02-15,90.8,usd
c0011,2026-02-15,90.86,usd
c0033,2026-02-15,89.14,usd
c0054,2026-02-15,106.53,usd
c0032,2026-02-15,103.21,usd
c0009,2026-02-15,90.22,usd
c0050,2026-02-15,96.07,usd
c0061,2026-02-15,96.86,usd
c0039,2026-02-15,98.05,usd
c0057,2026-02-15,99.46,usd
c0018,2026-02-15,95.6,usd
c0079,2026-02-15,100.35,usd
c0012,2026-02-15,92.58,usd
c0052,2026-02-15,88.45,usd
c0080,2026-02-15,111.74,usd
c0004,2026-02-15,104.43,usd
c0038,2026-02-15,105.99,usd
c0044,2026-02-15,91.11,usd
c0047,2026-02-15,111.47,usd
c0042,2026-02-15,104.67,usd
c0058,2026-02-15,106.79,usd
c0078,2026-02-15,95.42,usd
c0049,2026-02-15,90.63,usd
c0045,2026-02-15,108.25,usd
c0034,2026-02-15,90.53,usd
c0074,2026-02-15,89.61,usd
c0040,2026-02-15,113.74,usd
c0035,2026-02-15,105.18,usd
c0028,2026-02-15,91.08,usd
c0020,2026-02-15,92.17,usd
c0015,2026-02-15,94.42,usd
c0026,2026-02-15,101.48,usd
c0021,2026-02-15,106.01,usd
c0024,2026-02-15,108.98,usd
c0067,2026-02-15,104.58,usd
c0046,2026-02-15,92.27,usd
c0017,2026-02-15,94.31,usd
c0022,2026-02-15,88.01,usd
c0029,2026-02-15,113.61,usd
c0006,2026-02-15,85.25,usd
c0036,2026-02-15,103.58,usd
c0072,2026-02-15,110.36,usd
c0031,2026-02-15,95.61,usd
c0002,2026-02-15,92.48,usd
c0027,2026-02-15,86.37,usd
c0077,2026-02-15,102.42,usd
c0043,2026-02-15,107.16,usd
c0030,2026-02-15,91.23,usd
c0069,2026-02-15,103.37,usd
c0073,2026-02-15,113.22,usd
c0016,2026-02-15,90.71,usd
c0068,2026-02-15,106.64,usd
c0071,2026-02-15,97.8,usd
c0053,2026-03-15,102.2,usd
c0067,2026-03-15,105.82,usd
c0070,2026-03-15,94.14,usd
c0015,2026-03-15,95.54,usd
c0023,2026-03-15,87.67,usd
c0049,2026-03-15,91.7,usd
c0029,2026-03-15,114.96,usd
c0038,2026-03-15,107.25,usd
c0004,2026-03-15,105.67,usd
c0074,2026-03-15,90.68,usd
c0077,2026-03-15,103.63,usd
c0002,2026-03-15,93.58,usd
c0013,2026-03-15,85.49,usd
c0021,2026-03-15,107.27,usd
c0066,2026-03-15,105.78,usd
c0039,2026-03-15,99.22,usd
c0075,2026-03-15,111.51,usd
c0073,2026-03-15,114.56,usd
c0026,2026-03-15,102.68,usd
c0050,2026-03-15,97.21,usd
c0045,2026-03-15,109.54,usd
c0043,2026-03-15,108.43,usd
c0079,2026-03-15,101.54,usd
c0076,2026-03-15,110.64,usd
c0005,2026-03-15,87.92,usd
c0022,2026-03-15,89.06,usd
c0054,2026-03-15,107.79,usd
c0019,2026-03-15,110.81,usd
c0040,2026-03-15,115.09,usd
c0011,2026-03-15,91.94,usd
c0008,2026-03-15,103.42,usd
c0033,2026-03-15,90.2,usd
c0056,2026-03-15,96.2,usd
c0063,2026-03-15,115.29,usd
c0007,2026-03-15,91.88,usd
c0018,2026-03-15,96.74,usd
c0058,2026-03-15,108.05,usd
c0046,2026-03-15,93.36,usd
c0041,2026-03-15,106.02,usd
c0080,2026-03-15,113.07,usd
c0003,2026-03-15,89.5,usd
c0057,2026-03-15,100.64,usd
c0025,2026-03-15,111.96,usd
c0059,2026-03-15,88.6,usd
c0031,2026-03-15,96.74,usd
c0036,2026-03-15,104.81,usd
c0068,2026-03-15,107.9,usd
c0034,2026-03-15,91.61,usd
c0009,2026-03-15,91.29,usd
c0032,2026-03-15,104.44,usd
c0024,2026-03-15,110.27,usd
c0061,2026-03-15,98.01,usd
c0047,2026-03-15,112.79,usd
c0069,2026-03-15,104.6,usd
c0027,2026-03-15,87.39,usd
c0055,2026-03-15,112.33,usd
c0028,2026-03-15,92.16,usd
c0014,2026-03-15,90.11,usd
c0062,2026-03-15,96.88,usd
c0044,2026-03-15,92.19,usd
c0051,2026-03-15,99.11,usd
c0012,2026-03-15,93.67,usd
c0016,2026-03-15,91.78,usd
c0078,2026-03-15,96.56,usd
c0048,2026-03-15,111.68,usd
c0072,2026-03-15,111.67,usd
c0071,2026-03-15,98.96,usd
c0065,2026-03-15,111.21,usd
c0042,2026-03-15,105.91,usd
c0020,2026-03-15,93.26,usd
c0006,2026-03-15,86.26,usd
c0035,2026-04-15,107.68,usd
c0054,2026-04-15,109.05,usd
c0063,2026-04-15,116.64,usd
c0033,2026-04-15,91.25,usd
c0011,2026-04-15,93.01,usd
c0039,2026-04-15,100.38,usd
c0044,2026-04-15,93.28,usd
c0003,2026-04-15,90.55,usd
c0010,2026-04-15,107.66,usd
c0062,2026-04-15,98.02,usd
c0002,2026-04-15,94.68,usd
c0015,2026-04-15,96.66,usd
c0037,2026-04-15,105.64,usd
c0016,2026-04-15,92.86,usd
c0040,2026-04-15,116.44,usd
c0005,2026-04-15,88.95,usd
c0009,2026-04-15,92.36,usd
c0064,2026-04-15,93.96,usd
c0018,2026-04-15,97.87,usd
c0051,2026-04-15,100.27,usd
c0058,2026-04-15,109.32,usd
c0048,2026-04-15,112.99,usd
c0072,2026-04-15,112.98,usd
c0014,2026-04-15,91.16,usd
c0055,2026-04-15,113.65,usd
c0049,2026-04-15,92.78,usd
c0046,2026-04-15,94.45,usd
c0028,2026-04-15,93.24,usd
c0065,2026-04-15,112.52,usd
c0066,2026-04-15,107.02,usd
c0027,2026-04-15,88.42,usd
c0060,2026-04-15,91.17,usd
c0045,2026-04-15,110.82,usd
c0004,2026-04-15,106.91,usd
c0073,2026-04-15,115.9,usd
c0012,2026-04-15,94.77,usd
c0021,2026-04-15,108.53,usd
c0017,2026-04-15,96.55,usd
c0023,2026-04-15,88.7,usd
c0074,2026-04-15,91.74,usd
c0007,2026-04-15,92.96,usd
c0050,2026-04-15,98.35,usd
c0006,2026-04-15,87.27,usd
c0070,2026-04-15,95.24,usd
c0022,2026-04-15,90.1,usd
c0041,2026-04-15,107.26,usd
c0025,2026-04-15,113.27,usd
c0043,2026-04-15,109.7,usd
c0047,2026-04-15,114.11,usd
c0067,2026-04-15,107.06,usd
c0030,2026-04-15,93.39,usd
c0059,2026-04-15,89.64,usd
c0061,2026-04-15,99.16,usd
c0029,2026-04-15,116.31,usd
c0052,2026-04-15,90.55,usd
c0080,2026-04-15,114.39,usd
c0001,2026-04-15,89.69,usd
c0008,2026-04-15,104.64,usd
c0031,2026-04-15,97.88,usd
c0020,2026-04-15,94.36,usd
c0057,2026-04-15,101.82,usd
c0056,2026-04-15,97.32,usd
c0053,2026-04-15,103.4,usd
c0034,2026-04-15,92.68,usd
c0013,2026-04-15,86.5,usd
c0077,2026-04-15,104.85,usd
c0071,2026-04-15,100.12,usd
c0079,2026-04-15,102.73,usd
c0019,2026-04-15,112.11,usd
c0010,2026-05-15,108.91,usd
c0052,2026-05-15,91.6,usd
c0006,2026-05-15,88.28,usd
c0076,2026-05-15,113.23,usd
c0077,2026-05-15,106.06,usd
c0030,2026-05-15,94.47,usd
c0067,2026-05-15,108.3,usd
c0020,2026-05-15,95.45,usd
c0069,2026-05-15,107.05,usd
c0005,2026-05-15,89.98,usd
c0004,2026-05-15,108.15,usd
c0009,2026-05-15,93.42,usd
c0041,2026-05-15,108.5,usd
c0007,2026-05-15,94.03,usd
c0070,2026-05-15,96.34,usd
c0018,2026-05-15,99.0,usd
c0038,2026-05-15,109.76,usd
c0034,2026-05-15,93.75,usd
c0022,2026-05-15,91.14,usd
c0046,2026-05-15,95.55,usd
c0060,2026-05-15,92.23,usd
c0049,2026-05-15,93.85,usd
c0078,2026-05-15,98.82,usd
c0026,2026-05-15,105.09,usd
c0061,2026-05-15,100.31,usd
c0031,2026-05-15,99.01,usd
c0024,2026-05-15,112.85,usd
c0080,2026-05-15,115.72,usd
c0055,2026-05-15,114.96,usd
c0075,2026-05-15,114.12,usd
c0071,2026-05-15,101.28,usd
c0051,2026-05-15,101.44,usd
c0048,2026-05-15,114.3,usd
c0045,2026-05-15,112.1,usd
c0035,2026-05-15,108.92,usd
c0040,2026-05-15,117.79,usd
c0008,2026-05-15,105.85,usd
c0028,2026-05-15,94.32,usd
c0015,2026-05-15,97.78,usd
c0062,2026-05-15,99.15,usd
c0033,2026-05-15,92.31,usd
c0029,2026-05-15,117.65,usd
c0065,2026-05-15,113.82,usd
c0053,2026-05-15,104.59,usd
c0074,2026-05-15,92.8,usd
c0023,2026-05-15,89.73,usd
c0050,2026-05-15,99.49,usd
c0068,2026-05-15,110.43,usd
c0059,2026-05-15,90.68,usd
c0043,2026-05-15,110.97,usd
c0013,2026-05-15,87.5,usd
c0058,2026-05-15,110.58,usd
c0032,2026-05-15,106.88,usd
c0037,2026-05-15,106.86,usd
c0012,2026-05-15,95.87,usd
c0025,2026-05-15,114.58,usd
c0036,2026-05-15,107.27,usd
c0066,2026-05-15,108.26,usd
c0019,2026-05-15,113.41,usd
c0044,2026-05-15,94.36,usd
c0073,2026-05-15,117.24,usd
c0011,2026-05-15,94.09,usd
c0003,2026-05-15,91.6,usd
c0027,2026-05-15,89.44,usd
c0056,2026-05-15,98.45,usd
c0039,2026-05-15,101.54,usd
c0072,2026-05-15,114.28,usd
c0046,2026-06-15,96.64,usd
c0009,2026-06-15,94.49,usd
c0056,2026-06-15,99.58,usd
c0071,2026-06-15,102.44,usd
c0059,2026-06-15,91.72,usd
c0074,2026-06-15,93.87,usd
c0044,2026-06-15,95.44,usd
c0033,2026-06-15,93.37,usd
c0066,2026-06-15,109.5,usd
c0050,2026-06-15,100.63,usd
c0051,2026-06-15,102.6,usd
c0006,2026-06-15,89.29,usd
c0054,2026-06-15,111.58,usd
c0004,2026-06-15,109.39,usd
c0014,2026-06-15,93.27,usd
c0001,2026-06-15,91.77,usd
c0034,2026-06-15,94.83,usd
c0061,2026-06-15,101.45,usd
c0062,2026-06-15,100.29,usd
c0070,2026-06-15,97.44,usd
c0031,2026-06-15,100.14,usd
c0047,2026-06-15,116.75,usd
c0035,2026-06-15,110.17,usd
c0065,2026-06-15,115.12,usd
c0053,2026-06-15,105.79,usd
c0021,2026-06-15,111.04,usd
c0037,2026-06-15,108.09,usd
c0028,2026-06-15,95.4,usd
c0015,2026-06-15,98.9,usd
c0016,2026-06-15,95.01,usd
c0064,2026-06-15,96.13,usd
c0073,2026-06-15,118.59,usd
c0023,2026-06-15,90.75,usd
c0029,2026-06-15,119.0,usd
c0063,2026-06-15,119.34,usd
c0003,2026-06-15,92.65,usd
c0036,2026-06-15,108.49,usd
c0024,2026-06-15,114.15,usd
c0048,2026-06-15,115.61,usd
c0039,2026-06-15,102.7,usd
c0022,2026-06-15,92.19,usd
c0075,2026-06-15,115.43,usd
c0068,2026-06-15,111.7,usd
c0013,2026-06-15,88.5,usd
c0080,2026-06-15,117.04,usd
c0045,2026-06-15,113.39,usd
c0079,2026-06-15,105.11,usd
c0040,2026-06-15,119.14,usd
c0007,2026-06-15,95.11,usd
c0012,2026-06-15,96.97,usd
c0019,2026-06-15,114.71,usd
c0038,2026-06-15,111.02,usd
c0017,2026-06-15,98.79,usd
c0018,2026-06-15,100.14,usd
c0077,2026-06-15,107.28,usd
c0067,2026-06-15,109.54,usd
c0055,2026-06-15,116.28,usd
c0008,2026-06-15,107.06,usd
c0011,2026-06-15,95.17,usd
c0032,2026-06-15,108.11,usd
c0041,2026-06-15,109.74,usd
c0025,2026-06-15,115.89,usd
c0072,2026-06-15,115.59,usd
c0060,2026-06-15,93.28,usd
c0010,2026-06-15,110.15,usd
c0052,2026-06-15,92.65,usd
c0071,2026-07-15,103.6,usd
c0041,2026-07-15,110.99,usd
c0017,2026-07-15,99.91,usd
c0072,2026-07-15,116.9,usd
c0069,2026-07-15,109.5,usd
c0039,2026-07-15,103.87,usd
c0065,2026-07-15,116.43,usd
c0025,2026-07-15,117.2,usd
c0056,2026-07-15,100.71,usd
c0022,2026-07-15,93.23,usd
c0020,2026-07-15,97.63,usd
c0014,2026-07-15,94.33,usd
c0064,2026-07-15,97.22,usd
c0029,2026-07-15,120.35,usd
c0028,2026-07-15,96.48,usd
c0070,2026-07-15,98.55,usd
c0061,2026-07-15,102.6,usd
c0076,2026-07-15,115.82,usd
c0002,2026-07-15,97.97,usd
c0005,2026-07-15,92.04,usd
c0066,2026-07-15,110.74,usd
c0068,2026-07-15,112.96,usd
c0009,2026-07-15,95.56,usd
c0032,2026-07-15,109.33,usd
c0044,2026-07-15,96.52,usd
c0011,2026-07-15,96.25,usd
c0058,2026-07-15,113.12,usd
c0004,2026-07-15,110.63,usd
c0045,2026-07-15,114.67,usd
c0036,2026-07-15,109.72,usd
c0019,2026-07-15,116.01,usd
c0080,2026-07-15,118.37,usd
c0052,2026-07-15,93.7,usd
c0049,2026-07-15,96.0,usd
c0007,2026-07-15,96.19,usd
c0016,2026-07-15,96.08,usd
c0018,2026-07-15,101.27,usd
c0078,2026-07-15,101.08,usd
c0042,2026-07-15,110.87,usd
c0001,2026-07-15,92.81,usd
c0037,2026-07-15,109.31,usd
c0050,2026-07-15,101.77,usd
c0054,2026-07-15,112.84,usd
c0023,2026-07-15,91.78,usd
c0060,2026-07-15,94.34,usd
c0012,2026-07-15,98.07,usd
c0013,2026-07-15,89.5,usd
c0026,2026-07-15,107.49,usd
c0077,2026-07-15,108.49,usd
c0079,2026-07-15,106.3,usd
c0035,2026-07-15,111.42,usd
c0053,2026-07-15,106.99,usd
c0010,2026-07-15,111.4,usd
c0075,2026-07-15,116.73,usd
c0051,2026-07-15,103.76,usd
c0027,2026-07-15,91.49,usd
c0048,2026-07-15,116.92,usd
c0040,2026-07-15,120.48,usd
c0067,2026-07-15,110.78,usd
c0047,2026-07-15,118.08,usd
c0008,2026-07-15,108.27,usd
c0059,2026-07-15,92.75,usd
c0055,2026-07-15,117.59,usd
c0024,2026-07-15,115.44,usd
c0009,2026-08-15,96.63,usd
c0045,2026-08-15,115.95,usd
c0053,2026-08-15,108.19,usd
c0015,2026-08-15,101.14,usd
c0042,2026-08-15,112.12,usd
c0071,2026-08-15,104.76,usd
c0066,2026-08-15,111.98,usd
c0007,2026-08-15,97.27,usd
c0006,2026-08-15,91.31,usd
c0036,2026-08-15,110.95,usd
c0020,2026-08-15,98.73,usd
c0059,2026-08-15,93.79,usd
c0072,2026-08-15,118.21,usd
c0065,2026-08-15,117.73,usd
c0029,2026-08-15,121.7,usd
c0037,2026-08-15,110.53,usd
c0048,2026-08-15,118.23,usd
c0026,2026-08-15,108.7,usd
c0002,2026-08-15,99.06,usd
c0016,2026-08-15,97.16,usd
c0047,2026-08-15,119.4,usd
c0080,2026-08-15,119.69,usd
c0073,2026-08-15,121.27,usd
c0028,2026-08-15,97.56,usd
c0060,2026-08-15,95.4,usd
c0025,2026-08-15,118.52,usd
c0021,2026-08-15,113.55,usd
c0050,2026-08-15,102.91,usd
c0023,2026-08-15,92.81,usd
c0018,2026-08-15,102.41,usd
c0076,2026-08-15,117.12,usd
c0063,2026-08-15,122.04,usd
c0040,2026-08-15,121.83,usd
c0064,2026-08-15,98.31,usd
c0004,2026-08-15,111.86,usd
c0043,2026-08-15,114.78,usd
c0027,2026-08-15,92.51,usd
c0035,2026-08-15,112.66,usd
c0056,2026-08-15,101.83,usd
c0014,2026-08-15,95.39,usd
c0005,2026-08-15,93.07,usd
c0067,2026-08-15,112.02,usd
c0017,2026-08-15,101.02,usd
c0079,2026-08-15,107.49,usd
c0039,2026-08-15,105.03,usd
c0054,2026-08-15,114.1,usd
c0069,2026-08-15,110.72,usd
c0032,2026-08-15,110.56,usd
c0077,2026-08-15,109.7,usd
c0011,2026-08-15,97.32,usd
c0034,2026-08-15,96.97,usd
c0019,2026-08-15,117.31,usd
c0041,2026-08-15,112.23,usd
c0070,2026-08-15,99.65,usd
c0061,2026-08-15,103.75,usd
c0052,2026-08-15,94.75,usd
c0055,2026-08-15,118.91,usd
c0049,2026-08-15,97.07,usd
c0013,2026-08-15,90.5,usd
c0030,2026-08-15,97.72,usd
c0051,2026-08-15,104.92,usd
c0001,2026-08-15,93.85,usd
c0044,2026-08-15,97.6,usd
c0078,2026-08-15,102.21,usd
c0064,2026-09-15,99.4,usd
c0035,2026-09-15,113.91,usd
c0047,2026-09-15,120.72,usd
c0032,2026-09-15,111.78,usd
c0061,2026-09-15,104.9,usd
c0043,2026-09-15,116.05,usd
c0011,2026-09-15,98.4,usd
c0069,2026-09-15,111.95,usd
c0041,2026-09-15,113.47,usd
c0029,2026-09-15,123.04,usd
c0074,2026-09-15,97.05,usd
c0020,2026-09-15,99.82,usd
c0045,2026-09-15,117.24,usd
c0013,2026-09-15,91.51,usd
c0068,2026-09-15,115.49,usd
c0072,2026-09-15,119.52,usd
c0071,2026-09-15,105.92,usd
c0067,2026-09-15,113.26,usd
c0005,2026-09-15,94.1,usd
c0056,2026-09-15,102.96,usd
c0022,2026-09-15,95.32,usd
c0039,2026-09-15,106.19,usd
c0058,2026-09-15,115.65,usd
c0059,2026-09-15,94.83,usd
c0028,2026-09-15,98.64,usd
c0065,2026-09-15,119.03,usd
c0006,2026-09-15,92.32,usd
c0062,2026-09-15,103.69,usd
c0066,2026-09-15,113.22,usd
c0057,2026-09-15,107.71,usd
c0060,2026-09-15,96.45,usd
c0052,2026-09-15,95.8,usd
c0042,2026-09-15,113.36,usd
c0076,2026-09-15,118.42,usd
c0001,2026-09-15,94.88,usd
c0015,2026-09-15,102.26,usd
c0050,2026-09-15,104.05,usd
c0018,2026-09-15,103.54,usd
c0078,2026-09-15,103.35,usd
c0007,2026-09-15,98.34,usd
c0063,2026-09-15,123.39,usd
c0080,2026-09-15,121.02,usd
c0075,2026-09-15,119.35,usd
c0030,2026-09-15,98.8,usd
c0009,2026-09-15,97.7,usd
c0038,2026-09-15,114.79,usd
c0014,2026-09-15,96.44,usd
c0008,2026-09-15,110.7,usd
c0027,2026-09-15,93.54,usd
c0044,2026-09-15,98.68,usd
c0073,2026-09-15,122.61,usd
c0051,2026-09-15,106.08,usd
c0023,2026-09-15,93.84,usd
c0077,2026-09-15,110.92,usd
c0004,2026-09-15,113.1,usd
c0021,2026-09-15,114.81,usd
c0079,2026-09-15,108.68,usd
c0016,2026-09-15,98.23,usd
c0034,2026-09-15,98.05,usd
c0017,2026-09-15,102.14,usd
c0024,2026-09-15,118.02,usd
c0053,2026-09-15,109.39,usd
c0048,2026-09-15,119.54,usd
c0025,2026-09-15,119.83,usd
c0032,2026-10-15,113.0,usd
c0065,2026-10-15,120.34,usd
c0071,2026-10-15,107.08,usd
c0021,2026-10-15,116.07,usd
c0080,2026-10-15,122.34,usd
c0030,2026-10-15,99.88,usd
c0078,2026-10-15,104.48,usd
c0033,2026-10-15,97.59,usd
c0051,2026-10-15,107.24,usd
c0074,2026-10-15,98.12,usd
c0060,2026-10-15,97.51,usd
c0068,2026-10-15,116.76,usd
c0044,2026-10-15,99.76,usd
c0047,2026-10-15,122.04,usd
c0050,2026-10-15,105.18,usd
c0036,2026-10-15,113.41,usd
c0052,2026-10-15,96.84,usd
c0045,2026-10-15,118.52,usd
c0001,2026-10-15,95.92,usd
c0055,2026-10-15,121.54,usd
c0008,2026-10-15,111.91,usd
c0002,2026-10-15,101.26,usd
c0035,2026-10-15,115.16,usd
c0017,2026-10-15,103.26,usd
c0003,2026-10-15,96.84,usd
c0031,2026-10-15,104.68,usd
c0069,2026-10-15,113.18,usd
c0053,2026-10-15,110.58,usd
c0012,2026-10-15,101.36,usd
c0023,2026-10-15,94.86,usd
c0040,2026-10-15,124.53,usd
c0020,2026-10-15,100.91,usd
c0024,2026-10-15,119.31,usd
c0029,2026-10-15,124.39,usd
c0042,2026-10-15,114.6,usd
c0013,2026-10-15,92.51,usd
c0059,2026-10-15,95.87,usd
c0067,2026-10-15,114.5,usd
c0011,2026-10-15,99.48,usd
c0061,2026-10-15,106.05,usd
c0062,2026-10-15,104.83,usd
c0004,2026-10-15,114.34,usd
c0007,2026-10-15,99.42,usd
c0038,2026-10-15,116.05,usd
c0064,2026-10-15,100.49,usd
c0075,2026-10-15,120.65,usd
c0054,2026-10-15,116.63,usd
c0028,2026-10-15,99.72,usd
c0027,2026-10-15,94.56,usd
c0058,2026-10-15,116.92,usd
c0037,2026-10-15,112.98,usd
c0079,2026-10-15,109.87,usd
c0039,2026-10-15,107.35,usd
c0016,2026-10-15,99.31,usd
c0018,2026-10-15,104.67,usd
c0025,2026-10-15,121.14,usd
c0006,2026-10-15,93.33,usd
c0019,2026-10-15,119.9,usd
c0043,2026-10-15,117.32,usd
c0015,2026-10-15,103.38,usd
c0076,2026-10-15,119.71,usd
c0073,2026-10-15,123.96,usd
c0057,2026-10-15,108.89,usd
c0155,2026-02-15,100.45,usd
c0162,2026-02-15,82.82,usd
c0143,2026-02-15,82.43,usd
c0102,2026-02-15,98.63,usd
c0166,2026-02-15,83.65,usd
c0117,2026-02-15,98.71,usd
c0125,2026-02-15,93.9,usd
c0126,2026-02-15,103.03,usd
c0114,2026-02-15,89.54,usd
c0085,2026-02-15,94.93,usd
c0093,2026-02-15,101.78,usd
c0118,2026-02-15,88.29,usd
c0165,2026-02-15,103.22,usd
c0154,2026-02-15,90.69,usd
c0152,2026-02-15,99.79,usd
c0107,2026-02-15,77.66,usd
c0149,2026-02-15,81.71,usd
c0159,2026-02-15,92.78,usd
c0141,2026-02-15,100.25,usd
c0112,2026-02-15,93.15,usd
c0158,2026-02-15,85.42,usd
c0121,2026-02-15,104.25,usd
c0123,2026-02-15,88.51,usd
c0092,2026-02-15,93.19,usd
c0089,2026-02-15,96.07,usd
c0111,2026-02-15,103.54,usd
c0130,2026-02-15,92.67,usd
c0133,2026-02-15,97.98,usd
c0122,2026-02-15,86.35,usd
c0132,2026-02-15,78.25,usd
c0142,2026-02-15,95.56,usd
c0088,2026-02-15,100.02,usd
c0098,2026-02-15,85.75,usd
c0144,2026-02-15,98.76,usd
c0161,2026-02-15,93.83,usd
c0081,2026-02-15,89.36,usd
c0131,2026-02-15,78.69,usd
c0109,2026-02-15,97.17,usd
c0105,2026-02-15,80.42,usd
c0096,2026-02-15,83.17,usd
c0134,2026-02-15,85.25,usd
c0101,2026-02-15,85.39,usd
c0106,2026-02-15,101.32,usd
c0137,2026-02-15,92.43,usd
c0099,2026-02-15,93.61,usd
c0146,2026-02-15,97.13,usd
c0136,2026-02-15,97.24,usd
c0103,2026-02-15,94.81,usd
c0082,2026-02-15,104.17,usd
c0120,2026-02-15,86.09,usd
c0129,2026-02-15,78.81,usd
c0113,2026-02-15,95.6,usd
c0145,2026-02-15,101.44,usd
c0127,2026-02-15,101.03,usd
c0167,2026-02-15,79.18,usd
c0156,2026-02-15,88.42,usd
c0084,2026-02-15,104.57,usd
c0086,2026-02-15,80.07,usd
c0090,2026-02-15,88.83,usd
c0110,2026-02-15,91.19,usd
c0151,2026-02-15,94.72,usd
c0164,2026-02-15,83.48,usd
c0150,2026-02-15,98.36,usd
c0100,2026-02-15,92.41,usd
c0087,2026-02-15,99.57,usd
c0160,2026-02-15,81.32,usd
c0135,2026-02-15,79.32,usd
c0104,2026-02-15,101.51,usd
c0138,2026-02-15,99.87,usd
c0119,2026-02-15,94.82,usd
c0147,2026-02-15,94.11,usd
c0140,2026-02-15,102.65,usd
c0139,2026-02-15,79.52,usd
c0083,2026-02-15,92.08,usd
c0095,2026-02-15,90.16,usd
c0124,2026-02-15,93.52,usd
c0097,2026-02-15,78.81,usd
c0153,2026-02-15,88.53,usd
c0168,2026-02-15,83.03,usd
c0091,2026-02-15,101.36,usd
c0094,2026-02-15,83.49,usd
c0115,2026-02-15,77.81,usd
c0148,2026-02-15,97.2,usd
c0128,2026-02-15,99.41,usd
c0108,2026-02-15,81.63,usd
c0116,2026-02-15,96.13,usd
c0163,2026-02-15,99.73,usd
c0157,2026-02-15,104.21,usd
c0104,2026-03-15,102.83,usd
c0086,2026-03-15,81.11,usd
c0083,2026-03-15,93.28,usd
c0109,2026-03-15,98.43,usd
c0099,2026-03-15,94.83,usd
c0112,2026-03-15,94.36,usd
c0091,2026-03-15,102.67,usd
c0133,2026-03-15,99.25,usd
c0144,2026-03-15,100.05,usd
c0098,2026-03-15,86.87,usd
c0154,2026-03-15,91.87,usd
c0097,2026-03-15,79.84,usd
c0092,2026-03-15,94.4,usd
c0118,2026-03-15,89.43,usd
c0136,2026-03-15,98.5,usd
c0093,2026-03-15,103.1,usd
c0116,2026-03-15,97.38,usd
c0160,2026-03-15,82.38,usd
c0130,2026-03-15,93.87,usd
c0095,2026-03-15,91.33,usd
c0117,2026-03-15,99.99,usd
c0155,2026-03-15,101.76,usd
c0127,2026-03-15,102.35,usd
c0140,2026-03-15,103.99,usd
c0101,2026-03-15,86.5,usd
c0108,2026-03-15,82.69,usd
c0100,2026-03-15,93.61,usd
c0167,2026-03-15,80.21,usd
c0096,2026-03-15,84.25,usd
c0119,2026-03-15,96.05,usd
c0151,2026-03-15,95.95,usd
c0125,2026-03-15,95.13,usd
c0153,2026-03-15,89.68,usd
c0115,2026-03-15,78.82,usd
c0121,2026-03-15,105.61,usd
c0111,2026-03-15,104.89,usd
c0094,2026-03-15,84.58,usd
c0139,2026-03-15,80.55,usd
c0124,2026-03-15,94.73,usd
c0149,2026-03-15,82.78,usd
c0137,2026-03-15,93.63,usd
c0166,2026-03-15,84.73,usd
c0113,2026-03-15,96.84,usd
c0161,2026-03-15,95.05,usd
c0158,2026-03-15,86.53,usd
c0148,2026-03-15,98.47,usd
c0103,2026-03-15,96.05,usd
c0157,2026-03-15,105.56,usd
c0134,2026-03-15,86.36,usd
c0123,2026-03-15,89.66,usd
c0105,2026-03-15,81.47,usd
c0122,2026-03-15,87.47,usd
c0089,2026-03-15,97.31,usd
c0135,2026-03-15,80.36,usd
c0126,2026-03-15,104.37,usd
c0085,2026-03-15,96.16,usd
c0087,2026-03-15,100.86,usd
c0114,2026-03-15,90.7,usd
c0129,2026-03-15,79.83,usd
c0165,2026-03-15,104.56,usd
c0081,2026-03-15,90.52,usd
c0128,2026-03-15,100.7,usd
c0110,2026-03-15,92.37,usd
c0141,2026-03-15,101.55,usd
c0156,2026-03-15,89.57,usd
c0164,2026-03-15,84.56,usd
c0168,2026-03-15,84.1,usd
c0143,2026-03-15,83.5,usd
c0090,2026-03-15,89.99,usd
c0082,2026-03-15,105.52,usd
c0138,2026-03-15,101.17,usd
c0106,2026-03-15,102.63,usd
c0145,2026-03-15,102.76,usd
c0159,2026-03-15,93.99,usd
c0152,2026-03-15,101.09,usd
c0088,2026-03-15,101.32,usd
c0132,2026-03-15,79.27,usd
c0162,2026-03-15,83.89,usd
c0084,2026-03-15,105.92,usd
c0146,2026-03-15,98.39,usd
c0150,2026-03-15,99.64,usd
c0138,2026-04-15,102.37,usd
c0085,2026-04-15,97.3,usd
c0139,2026-04-15,81.51,usd
c0091,2026-04-15,103.89,usd
c0102,2026-04-15,101.09,usd
c0131,2026-04-15,80.65,usd
c0092,2026-04-15,95.52,usd
c0133,2026-04-15,100.43,usd
c0144,2026-04-15,101.23,usd
c0156,2026-04-15,90.63,usd
c0111,2026-04-15,106.13,usd
c0140,2026-04-15,105.22,usd
c0098,2026-04-15,87.89,usd
c0109,2026-04-15,99.6,usd
c0134,2026-04-15,87.38,usd
c0167,2026-04-15,81.16,usd
c0157,2026-04-15,106.81,usd
c0096,2026-04-15,85.25,usd
c0158,2026-04-15,87.55,usd
c0145,2026-04-15,103.98,usd
c0113,2026-04-15,97.99,usd
c0150,2026-04-15,100.82,usd
c0114,2026-04-15,91.78,usd
c0086,2026-04-15,82.07,usd
c0132,2026-04-15,80.21,usd
c0124,2026-04-15,95.85,usd
c0149,2026-04-15,83.76,usd
c0146,2026-04-15,99.56,usd
c0103,2026-04-15,97.18,usd
c0094,2026-04-15,85.58,usd
c0120,2026-04-15,88.24,usd
c0151,2026-04-15,97.08,usd
c0126,2026-04-15,105.61,usd
c0122,2026-04-15,88.51,usd
c0119,2026-04-15,97.19,usd
c0107,2026-04-15,79.6,usd
c0130,2026-04-15,94.99,usd
c0142,2026-04-15,97.95,usd
c0155,2026-04-15,102.96,usd
c0108,2026-04-15,83.67,usd
c0127,2026-04-15,103.56,usd
c0154,2026-04-15,92.96,usd
c0093,2026-04-15,104.32,usd
c0162,2026-04-15,84.89,usd
c0128,2026-04-15,101.89,usd
c0106,2026-04-15,103.85,usd
c0100,2026-04-15,94.72,usd
c0090,2026-04-15,91.05,usd
c0097,2026-04-15,80.78,usd
c0087,2026-04-15,102.06,usd
c0160,2026-04-15,83.36,usd
c0123,2026-04-15,90.72,usd
c0084,2026-04-15,107.18,usd
c0101,2026-04-15,87.52,usd
c0159,2026-04-15,95.1,usd
c0168,2026-04-15,85.1,usd
c0152,2026-04-15,102.28,usd
c0088,2026-04-15,102.52,usd
c0104,2026-04-15,104.05,usd
c0143,2026-04-15,84.49,usd
c0148,2026-04-15,99.63,usd
c0137,2026-04-15,94.74,usd
c0081,2026-04-15,91.59,usd
c0165,2026-04-15,105.8,usd
c0135,2026-04-15,81.31,usd
c0136,2026-04-15,99.67,usd
c0163,2026-04-15,102.23,usd
c0118,2026-04-15,90.49,usd
c0112,2026-04-15,95.48,usd
c0166,2026-04-15,85.74,usd
c0115,2026-04-15,79.75,usd
c0153,2026-04-15,90.74,usd
c0095,2026-04-15,92.41,usd
c0082,2026-04-15,106.77,usd
c0161,2026-04-15,96.17,usd
c0089,2026-04-15,98.47,usd
c0083,2026-04-15,94.38,usd
c0121,2026-04-15,106.86,usd
c0135,2026-05-15,82.26,usd
c0147,2026-05-15,97.59,usd
c0081,2026-05-15,92.67,usd
c0137,2026-05-15,95.85,usd
c0084,2026-05-15,108.43,usd
c0122,2026-05-15,89.54,usd
c0141,2026-05-15,103.96,usd
c0153,2026-05-15,91.8,usd
c0146,2026-05-15,100.72,usd
c0116,2026-05-15,99.68,usd
c0095,2026-05-15,93.49,usd
c0114,2026-05-15,92.85,usd
c0104,2026-05-15,105.27,usd
c0088,2026-05-15,103.72,usd
c0121,2026-05-15,108.11,usd
c0165,2026-05-15,107.04,usd
c0086,2026-05-15,83.03,usd
c0115,2026-05-15,80.69,usd
c0159,2026-05-15,96.21,usd
c0113,2026-05-15,99.14,usd
c0132,2026-05-15,81.15,usd
c0156,2026-05-15,91.69,usd
c0163,2026-05-15,103.42,usd
c0166,2026-05-15,86.74,usd
c0143,2026-05-15,85.47,usd
c0083,2026-05-15,95.49,usd
c0140,2026-05-15,106.45,usd
c0138,2026-05-15,103.57,usd
c0130,2026-05-15,96.1,usd
c0168,2026-05-15,86.1,usd
c0092,2026-05-15,96.63,usd
c0164,2026-05-15,86.57,usd
c0117,2026-05-15,102.36,usd
c0094,2026-05-15,86.58,usd
c0144,2026-05-15,102.42,usd
c0109,2026-05-15,100.76,usd
c0126,2026-05-15,106.85,usd
c0119,2026-05-15,98.33,usd
c0108,2026-05-15,84.65,usd
c0110,2026-05-15,94.56,usd
c0128,2026-05-15,103.08,usd
c0151,2026-05-15,98.22,usd
c0124,2026-05-15,96.98,usd
c0100,2026-05-15,95.82,usd
c0123,2026-05-15,91.78,usd
c0142,2026-05-15,99.1,usd
c0103,2026-05-15,98.32,usd
c0106,2026-05-15,105.06,usd
c0145,2026-05-15,105.19,usd
c0090,2026-05-15,92.12,usd
c0105,2026-05-15,83.4,usd
c0099,2026-05-15,97.07,usd
c0148,2026-05-15,100.8,usd
c0158,2026-05-15,88.58,usd
c0125,2026-05-15,97.38,usd
c0127,2026-05-15,104.77,usd
c0097,2026-05-15,81.73,usd
c0136,2026-05-15,100.84,usd
c0111,2026-05-15,107.37,usd
c0112,2026-05-15,96.6,usd
c0082,2026-05-15,108.02,usd
c0118,2026-05-15,91.55,usd
c0093,2026-05-15,105.54,usd
c0154,2026-05-15,94.05,usd
c0101,2026-05-15,88.55,usd
c0155,2026-05-15,104.17,usd
c0134,2026-05-15,88.41,usd
c0160,2026-05-15,84.33,usd
c0133,2026-05-15,101.6,usd
c0139,2026-05-15,82.46,usd
c0149,2026-05-15,84.74,usd
c0129,2026-05-15,81.72,usd
c0131,2026-05-15,81.6,usd
c0091,2026-05-15,105.11,usd
c0120,2026-05-15,89.27,usd
c0162,2026-05-15,85.88,usd
c0098,2026-06-15,89.95,usd
c0168,2026-06-15,87.09,usd
c0160,2026-06-15,85.31,usd
c0123,2026-06-15,92.85,usd
c0089,2026-06-15,100.77,usd
c0101,2026-06-15,89.57,usd
c0153,2026-06-15,92.86,usd
c0117,2026-06-15,103.54,usd
c0091,2026-06-15,106.32,usd
c0125,2026-06-15,98.51,usd
c0086,2026-06-15,83.99,usd
c0108,2026-06-15,85.63,usd
c0133,2026-06-15,102.78,usd
c0120,2026-06-15,90.3,usd
c0149,2026-06-15,85.72,usd
c0135,2026-06-15,83.21,usd
c0100,2026-06-15,96.93,usd
c0161,2026-06-15,98.43,usd
c0165,2026-06-15,108.28,usd
c0090,2026-06-15,93.19,usd
c0085,2026-06-15,99.58,usd
c0082,2026-06-15,109.27,usd
c0137,2026-06-15,96.96,usd
c0148,2026-06-15,101.96,usd
c0131,2026-06-15,82.54,usd
c0141,2026-06-15,105.16,usd
c0164,2026-06-15,87.57,usd
c0127,2026-06-15,105.98,usd
c0109,2026-06-15,101.93,usd
c0130,2026-06-15,97.21,usd
c0119,2026-06-15,99.46,usd
c0093,2026-06-15,106.77,usd
c0110,2026-06-15,95.66,usd
c0118,2026-06-15,92.61,usd
c0095,2026-06-15,94.57,usd
c0105,2026-06-15,84.36,usd
c0156,2026-06-15,92.75,usd
c0122,2026-06-15,90.58,usd
c0102,2026-06-15,103.46,usd
c0140,2026-06-15,107.68,usd
c0129,2026-06-15,82.67,usd
c0111,2026-06-15,108.62,usd
c0103,2026-06-15,99.46,usd
c0112,2026-06-15,97.72,usd
c0162,2026-06-15,86.87,usd
c0154,2026-06-15,95.14,usd
c0139,2026-06-15,83.42,usd
c0151,2026-06-15,99.36,usd
c0087,2026-06-15,104.45,usd
c0096,2026-06-15,87.24,usd
c0166,2026-06-15,87.74,usd
c0147,2026-06-15,98.72,usd
c0092,2026-06-15,97.75,usd
c0144,2026-06-15,103.6,usd
c0128,2026-06-15,104.28,usd
c0104,2026-06-15,106.49,usd
c0159,2026-06-15,97.33,usd
c0145,2026-06-15,106.41,usd
c0099,2026-06-15,98.2,usd
c0157,2026-06-15,109.31,usd
c0094,2026-06-15,87.58,usd
c0124,2026-06-15,98.1,usd
c0081,2026-06-15,93.74,usd
c0143,2026-06-15,86.46,usd
c0116,2026-06-15,100.84,usd
c0114,2026-06-15,93.93,usd
c0150,2026-06-15,103.18,usd
c0083,2026-06-15,96.59,usd
c0163,2026-06-15,104.62,usd
c0132,2026-06-15,82.09,usd
c0134,2026-06-15,89.43,usd
c0142,2026-06-15,100.24,usd
c0167,2026-06-15,83.06,usd
c0113,2026-06-15,100.28,usd
c0146,2026-06-15,101.89,usd
c0158,2026-07-15,90.63,usd
c0163,2026-07-15,105.82,usd
c0100,2026-07-15,98.04,usd
c0131,2026-07-15,83.49,usd
c0137,2026-07-15,98.07,usd
c0159,2026-07-15,98.44,usd
c0138,2026-07-15,105.96,usd
c0104,2026-07-15,107.7,usd
c0120,2026-07-15,91.34,usd
c0134,2026-07-15,90.45,usd
c0139,2026-07-15,84.37,usd
c0094,2026-07-15,88.58,usd
c0140,2026-07-15,108.92,usd
c0126,2026-07-15,109.32,usd
c0089,2026-07-15,101.93,usd
c0167,2026-07-15,84.01,usd
c0125,2026-07-15,99.63,usd
c0152,2026-07-15,105.88,usd
c0124,2026-07-15,99.22,usd
c0106,2026-07-15,107.5,usd
c0111,2026-07-15,109.86,usd
c0105,2026-07-15,85.33,usd
c0088,2026-07-15,106.12,usd
c0168,2026-07-15,88.09,usd
c0097,2026-07-15,83.62,usd
c0113,2026-07-15,101.43,usd
c0085,2026-07-15,100.72,usd
c0166,2026-07-15,88.75,usd
c0128,2026-07-15,105.47,usd
c0095,2026-07-15,95.66,usd
c0093,2026-07-15,107.99,usd
c0129,2026-07-15,83.61,usd
c0083,2026-07-15,97.7,usd
c0092,2026-07-15,98.87,usd
c0099,2026-07-15,99.32,usd
c0133,2026-07-15,103.96,usd
c0144,2026-07-15,104.79,usd
c0164,2026-07-15,88.57,usd
c0149,2026-07-15,86.7,usd
c0112,2026-07-15,98.83,usd
c0156,2026-07-15,93.81,usd
c0157,2026-07-15,110.56,usd
c0143,2026-07-15,87.45,usd
c0086,2026-07-15,84.95,usd
c0096,2026-07-15,88.24,usd
c0117,2026-07-15,104.73,usd
c0107,2026-07-15,82.39,usd
c0127,2026-07-15,107.19,usd
c0151,2026-07-15,100.49,usd
c0121,2026-07-15,110.61,usd
c0090,2026-07-15,94.25,usd
c0141,2026-07-15,106.37,usd
c0153,2026-07-15,93.93,usd
c0142,2026-07-15,101.39,usd
c0147,2026-07-15,99.85,usd
c0103,2026-07-15,100.6,usd
c0108,2026-07-15,86.61,usd
c0109,2026-07-15,103.09,usd
c0082,2026-07-15,110.52,usd
c0146,2026-07-15,103.05,usd
c0161,2026-07-15,99.55,usd
c0148,2026-07-15,103.13,usd
c0084,2026-07-15,110.94,usd
c0165,2026-07-15,109.52,usd
c0135,2026-07-15,84.16,usd
c0145,2026-07-15,107.63,usd
c0087,2026-07-15,105.64,usd
c0114,2026-07-15,95.0,usd
c0115,2026-07-15,82.56,usd
c0098,2026-07-15,90.98,usd
c0132,2026-07-15,83.03,usd
c0162,2026-07-15,87.87,usd
c0155,2026-07-15,106.58,usd
c0132,2026-08-15,83.97,usd
c0162,2026-08-15,88.86,usd
c0085,2026-08-15,101.86,usd
c0168,2026-08-15,89.09,usd
c0125,2026-08-15,100.76,usd
c0117,2026-08-15,105.91,usd
c0115,2026-08-15,83.49,usd
c0094,2026-08-15,89.58,usd
c0105,2026-08-15,86.29,usd
c0144,2026-08-15,105.97,usd
c0090,2026-08-15,95.32,usd
c0113,2026-08-15,102.58,usd
c0149,2026-08-15,87.68,usd
c0154,2026-08-15,97.31,usd
c0109,2026-08-15,104.26,usd
c0134,2026-08-15,91.48,usd
c0121,2026-08-15,111.86,usd
c0133,2026-08-15,105.13,usd
c0082,2026-08-15,111.77,usd
c0129,2026-08-15,84.56,usd
c0124,2026-08-15,100.34,usd
c0119,2026-08-15,101.74,usd
c0084,2026-08-15,112.2,usd
c0114,2026-08-15,96.07,usd
c0146,2026-08-15,104.22,usd
c0141,2026-08-15,107.57,usd
c0102,2026-08-15,105.83,usd
c0118,2026-08-15,94.73,usd
c0152,2026-08-15,107.07,usd
c0163,2026-08-15,107.01,usd
c0092,2026-08-15,99.99,usd
c0157,2026-08-15,111.81,usd
c0166,2026-08-15,89.75,usd
c0098,2026-08-15,92.01,usd
c0096,2026-08-15,89.24,usd
c0108,2026-08-15,87.59,usd
c0126,2026-08-15,110.56,usd
c0151,2026-08-15,101.63,usd
c0140,2026-08-15,110.15,usd
c0130,2026-08-15,99.43,usd
c0110,2026-08-15,97.85,usd
c0089,2026-08-15,103.08,usd
c0160,2026-08-15,87.26,usd
c0145,2026-08-15,108.85,usd
c0104,2026-08-15,108.92,usd
c0167,2026-08-15,84.96,usd
c0101,2026-08-15,91.62,usd
c0081,2026-08-15,95.88,usd
c0107,2026-08-15,83.33,usd
c0139,2026-08-15,85.33,usd
c0111,2026-08-15,111.1,usd
c0153,2026-08-15,94.99,usd
c0083,2026-08-15,98.8,usd
c0158,2026-08-15,91.65,usd
c0123,2026-08-15,94.97,usd
c0143,2026-08-15,88.44,usd
c0135,2026-08-15,85.11,usd
c0137,2026-08-15,99.18,usd
c0095,2026-08-15,96.74,usd
c0106,2026-08-15,108.71,usd
c0088,2026-08-15,107.32,usd
c0093,2026-08-15,109.21,usd
c0127,2026-08-15,108.41,usd
c0128,2026-08-15,106.66,usd
c0161,2026-08-15,100.68,usd
c0087,2026-08-15,106.84,usd
c0112,2026-08-15,99.95,usd
c0097,2026-08-15,84.57,usd
c0164,2026-08-15,89.57,usd
c0091,2026-08-15,108.75,usd
c0155,2026-08-15,107.78,usd
c0090,2026-09-15,96.38,usd
c0093,2026-09-15,110.43,usd
c0113,2026-09-15,103.72,usd
c0129,2026-09-15,85.5,usd
c0098,2026-09-15,93.04,usd
c0164,2026-09-15,90.58,usd
c0088,2026-09-15,108.52,usd
c0083,2026-09-15,99.91,usd
c0103,2026-09-15,102.87,usd
c0154,2026-09-15,98.4,usd
c0086,2026-09-15,86.88,usd
c0132,2026-09-15,84.91,usd
c0087,2026-09-15,108.03,usd
c0162,2026-09-15,89.85,usd
c0119,2026-09-15,102.88,usd
c0167,2026-09-15,85.91,usd
c0105,2026-09-15,87.26,usd
c0144,2026-09-15,107.16,usd
c0163,2026-09-15,108.21,usd
c0089,2026-09-15,104.23,usd
c0130,2026-09-15,100.55,usd
c0092,2026-09-15,101.11,usd
c0101,2026-09-15,92.65,usd
c0085,2026-09-15,103.0,usd
c0157,2026-09-15,113.07,usd
c0102,2026-09-15,107.01,usd
c0111,2026-09-15,112.34,usd
c0110,2026-09-15,98.94,usd
c0097,2026-09-15,85.51,usd
c0107,2026-09-15,84.26,usd
c0140,2026-09-15,111.38,usd
c0121,2026-09-15,113.11,usd
c0142,2026-09-15,103.68,usd
c0168,2026-09-15,90.08,usd
c0114,2026-09-15,97.15,usd
c0099,2026-09-15,101.57,usd
c0082,2026-09-15,113.02,usd
c0104,2026-09-15,110.14,usd
c0124,2026-09-15,101.46,usd
c0136,2026-09-15,105.5,usd
c0153,2026-09-15,96.05,usd
c0131,2026-09-15,85.37,usd
c0128,2026-09-15,107.85,usd
c0135,2026-09-15,86.07,usd
c0127,2026-09-15,109.62,usd
c0134,2026-09-15,92.5,usd
c0150,2026-09-15,106.72,usd
c0117,2026-09-15,107.1,usd
c0081,2026-09-15,96.96,usd
c0091,2026-09-15,109.97,usd
c0149,2026-09-15,88.66,usd
c0160,2026-09-15,88.24,usd
c0151,2026-09-15,102.77,usd
c0108,2026-09-15,88.57,usd
c0133,2026-09-15,106.31,usd
c0159,2026-09-15,100.67,usd
c0166,2026-09-15,90.76,usd
c0155,2026-09-15,108.99,usd
c0084,2026-09-15,113.45,usd
c0141,2026-09-15,108.77,usd
c0137,2026-09-15,100.28,usd
c0138,2026-09-15,108.36,usd
c0118,2026-09-15,95.79,usd
c0146,2026-09-15,105.38,usd
c0152,2026-09-15,108.27,usd
c0100,2026-09-15,100.26,usd
c0165,2026-09-15,111.99,usd
c0122,2026-09-15,93.69,usd
c0116,2026-09-15,104.3,usd
c0143,2026-09-15,89.43,usd
c0095,2026-09-15,97.82,usd
c0122,2026-10-15,94.72,usd
c0132,2026-10-15,85.84,usd
c0105,2026-10-15,88.22,usd
c0110,2026-10-15,100.03,usd
c0119,2026-10-15,104.02,usd
c0142,2026-10-15,104.83,usd
c0099,2026-10-15,102.69,usd
c0101,2026-10-15,93.67,usd
c0134,2026-10-15,93.52,usd
c0092,2026-10-15,102.23,usd
c0118,2026-10-15,96.85,usd
c0123,2026-10-15,97.09,usd
c0117,2026-10-15,108.28,usd
c0137,2026-10-15,101.39,usd
c0131,2026-10-15,86.32,usd
c0087,2026-10-15,109.23,usd
c0098,2026-10-15,94.07,usd
c0152,2026-10-15,109.47,usd
c0143,2026-10-15,90.42,usd
c0128,2026-10-15,109.05,usd
c0159,2026-10-15,101.78,usd
c0164,2026-10-15,91.58,usd
c0163,2026-10-15,109.41,usd
c0125,2026-10-15,103.01,usd
c0097,2026-10-15,86.46,usd
c0081,2026-10-15,98.03,usd
c0084,2026-10-15,114.71,usd
c0153,2026-10-15,97.11,usd
c0167,2026-10-15,86.86,usd
c0090,2026-10-15,97.45,usd
c0156,2026-10-15,97.0,usd
c0094,2026-10-15,91.59,usd
c0154,2026-10-15,99.49,usd
c0151,2026-10-15,103.9,usd
c0145,2026-10-15,111.28,usd
c0120,2026-10-15,94.44,usd
c0121,2026-10-15,114.37,usd
c0112,2026-10-15,102.19,usd
c0165,2026-10-15,113.23,usd
c0115,2026-10-15,85.36,usd
c0158,2026-10-15,93.7,usd
c0116,2026-10-15,105.45,usd
c0149,2026-10-15,89.64,usd
c0082,2026-10-15,114.27,usd
c0168,2026-10-15,91.08,usd
c0124,2026-10-15,102.59,usd
c0157,2026-10-15,114.32,usd
c0130,2026-10-15,101.66,usd
c0091,2026-10-15,111.19,usd
c0095,2026-10-15,98.9,usd
c0083,2026-10-15,101.01,usd
c0100,2026-10-15,101.37,usd
c0109,2026-10-15,106.59,usd
c0093,2026-10-15,111.65,usd
c0162,2026-10-15,90.85,usd
c0088,2026-10-15,109.73,usd
c0160,2026-10-15,89.21,usd
c0166,2026-10-15,91.76,usd
c0089,2026-10-15,105.38,usd
c0136,2026-10-15,106.67,usd
c0144,2026-10-15,108.34,usd
c0102,2026-10-15,108.19,usd
c0111,2026-10-15,113.59,usd
c0139,2026-10-15,87.23,usd
c0085,2026-10-15,104.14,usd
c0126,2026-10-15,113.03,usd
c0146,2026-10-15,106.55,usd
c0135,2026-10-15,87.02,usd
c0140,2026-10-15,112.61,usd
c0114,2026-10-15,98.22,usd
c0211,2026-03-15,93.25,usd
c0172,2026-03-15,84.18,usd
c0232,2026-03-15,89.34,usd
c0236,2026-03-15,94.47,usd
c0248,2026-03-15,75.19,usd
c0231,2026-03-15,96.52,usd
c0234,2026-03-15,82.06,usd
c0260,2026-03-15,89.05,usd
c0190,2026-03-15,101.06,usd
c0169,2026-03-15,79.28,usd
c0194,2026-03-15,81.12,usd
c0201,2026-03-15,93.52,usd
c0237,2026-03-15,79.48,usd
c0195,2026-03-15,100.4,usd
c0263,2026-03-15,90.28,usd
c0246,2026-03-15,86.85,usd
c0217,2026-03-15,93.09,usd
c0174,2026-03-15,78.78,usd
c0247,2026-03-15,95.3,usd
c0210,2026-03-15,94.94,usd
c0224,2026-03-15,85.24,usd
c0273,2026-03-15,85.59,usd
c0197,2026-03-15,84.48,usd
c0173,2026-03-15,96.56,usd
c0264,2026-03-15,82.91,usd
c0239,2026-03-15,90.88,usd
c0219,2026-03-15,76.94,usd
c0228,2026-03-15,80.26,usd
c0229,2026-03-15,78.36,usd
c0252,2026-03-15,93.53,usd
c0244,2026-03-15,89.17,usd
c0177,2026-03-15,96.67,usd
c0187,2026-03-15,85.32,usd
c0238,2026-03-15,96.66,usd
c0198,2026-03-15,79.97,usd
c0180,2026-03-15,78.41,usd
c0179,2026-03-15,84.74,usd
c0185,2026-03-15,77.92,usd
c0188,2026-03-15,98.97,usd
c0214,2026-03-15,78.98,usd
c0199,2026-03-15,77.7,usd
c0243,2026-03-15,77.36,usd
c0222,2026-03-15,93.42,usd
c0186,2026-03-15,75.45,usd
c0202,2026-03-15,82.03,usd
c0181,2026-03-15,90.69,usd
c0242,2026-03-15,89.18,usd
c0221,2026-03-15,83.24,usd
c0267,2026-03-15,86.24,usd
c0268,2026-03-15,76.92,usd
c0261,2026-03-15,100.69,usd
c0171,2026-03-15,84.15,usd
c0175,2026-03-15,77.34,usd
c0182,2026-03-15,82.79,usd
c0240,2026-03-15,80.1,usd
c0226,2026-03-15,87.45,usd
c0265,2026-03-15,76.5,usd
c0189,2026-03-15,76.5,usd
c0270,2026-03-15,78.82,usd
c0262,2026-03-15,89.08,usd
c0183,2026-03-15,86.32,usd
c0207,2026-03-15,77.81,usd
c0212,2026-03-15,82.68,usd
c0269,2026-03-15,88.9,usd
c0178,2026-03-15,82.45,usd
c0271,2026-03-15,84.36,usd
c0259,2026-03-15,93.13,usd
c0230,2026-03-15,87.54,usd
c0204,2026-03-15,77.79,usd
c0170,2026-03-15,84.85,usd
c0255,2026-03-15,95.05,usd
c0257,2026-03-15,90.16,usd
c0235,2026-03-15,81.68,usd
c0253,2026-03-15,83.58,usd
c0209,2026-03-15,81.98,usd
c0251,2026-03-15,83.27,usd
c0254,2026-03-15,87.69,usd
c0208,2026-03-15,88.08,usd
c0256,2026-03-15,84.96,usd
c0223,2026-03-15,86.01,usd
c0266,2026-03-15,76.12,usd
c0220,2026-03-15,95.27,usd
c0191,2026-03-15,93.17,usd
c0245,2026-03-15,93.75,usd
c0205,2026-03-15,81.0,usd
c0249,2026-03-15,92.82,usd
c0272,2026-03-15,86.31,usd
c0215,2026-03-15,83.64,usd
c0203,2026-03-15,75.59,usd
c0176,2026-03-15,100.69,usd
c0200,2026-03-15,100.14,usd
c0225,2026-03-15,80.11,usd
c0196,2026-03-15,85.79,usd
c0218,2026-03-15,92.53,usd
c0227,2026-03-15,80.06,usd
c0258,2026-03-15,101.01,usd
c0206,2026-03-15,93.19,usd
c0241,2026-03-15,86.71,usd
c0193,2026-03-15,87.4,usd
c0184,2026-03-15,85.29,usd
c0216,2026-03-15,93.29,usd
c0233,2026-03-15,81.12,usd
c0250,2026-03-15,89.11,usd
c0213,2026-03-15,77.48,usd
c0192,2026-03-15,81.4,usd
c0236,2026-04-15,95.8,usd
c0209,2026-04-15,83.13,usd
c0223,2026-04-15,87.21,usd
c0175,2026-04-15,78.42,usd
c0226,2026-04-15,88.68,usd
c0241,2026-04-15,87.92,usd
c0208,2026-04-15,89.32,usd
c0190,2026-04-15,102.48,usd
c0202,2026-04-15,83.18,usd
c0184,2026-04-15,86.48,usd
c0169,2026-04-15,80.39,usd
c0182,2026-04-15,83.95,usd
c0215,2026-04-15,84.81,usd
c0272,2026-04-15,87.52,usd
c0242,2026-04-15,90.43,usd
c0255,2026-04-15,96.38,usd
c0196,2026-04-15,86.99,usd
c0211,2026-04-15,94.56,usd
c0259,2026-04-15,94.44,usd
c0251,2026-04-15,84.44,usd
c0173,2026-04-15,97.91,usd
c0270,2026-04-15,79.92,usd
c0234,2026-04-15,83.21,usd
c0189,2026-04-15,77.57,usd
c0205,2026-04-15,82.14,usd
c0268,2026-04-15,77.99,usd
c0252,2026-04-15,94.84,usd
c0192,2026-04-15,82.54,usd
c0197,2026-04-15,85.67,usd
c0262,2026-04-15,90.33,usd
c0228,2026-04-15,81.38,usd
c0188,2026-04-15,100.36,usd
c0180,2026-04-15,79.51,usd
c0194,2026-04-15,82.26,usd
c0219,2026-04-15,78.02,usd
c0181,2026-04-15,91.96,usd
c0258,2026-04-15,102.43,usd
c0246,2026-04-15,88.07,usd
c0238,2026-04-15,98.01,usd
c0248,2026-04-15,76.24,usd
c0237,2026-04-15,80.59,usd
c0204,2026-04-15,78.88,usd
c0210,2026-04-15,96.27,usd
c0195,2026-04-15,101.8,usd
c0231,2026-04-15,97.87,usd
c0198,2026-04-15,81.09,usd
c0227,2026-04-15,81.18,usd
c0200,2026-04-15,101.54,usd
c0203,2026-04-15,76.65,usd
c0221,2026-04-15,84.41,usd
c0187,2026-04-15,86.51,usd
c0263,2026-04-15,91.55,usd
c0186,2026-04-15,76.51,usd
c0179,2026-04-15,85.92,usd
c0172,2026-04-15,85.36,usd
c0271,2026-04-15,85.54,usd
c0253,2026-04-15,84.75,usd
c0206,2026-04-15,94.49,usd
c0183,2026-04-15,87.52,usd
c0265,2026-04-15,77.58,usd
c0269,2026-04-15,90.15,usd
c0239,2026-04-15,92.16,usd
c0171,2026-04-15,85.33,usd
c0222,2026-04-15,94.73,usd
c0217,2026-04-15,94.39,usd
c0233,2026-04-15,82.25,usd
c0273,2026-04-15,86.79,usd
c0243,2026-04-15,78.44,usd
c0250,2026-04-15,90.36,usd
c0224,2026-04-15,86.44,usd
c0218,2026-04-15,93.82,usd
c0193,2026-04-15,88.62,usd
c0191,2026-04-15,94.47,usd
c0207,2026-04-15,78.9,usd
c0245,2026-04-15,95.07,usd
c0254,2026-04-15,88.92,usd
c0261,2026-04-15,102.1,usd
c0216,2026-04-15,94.6,usd
c0212,2026-04-15,83.83,usd
c0220,2026-04-15,96.61,usd
c0201,2026-04-15,94.83,usd
c0213,2026-04-15,78.56,usd
c0174,2026-04-15,79.88,usd
c0177,2026-04-15,98.03,usd
c0240,2026-04-15,81.23,usd
c0264,2026-04-15,84.07,usd
c0214,2026-04-15,80.09,usd
c0244,2026-04-15,90.41,usd
c0230,2026-04-15,88.76,usd
c0225,2026-04-15,81.23,usd
c0235,2026-04-15,82.83,usd
c0247,2026-04-15,96.63,usd
c0199,2026-04-15,78.78,usd
c0232,2026-04-15,90.59,usd
c0256,2026-04-15,86.15,usd
c0170,2026-04-15,86.04,usd
c0185,2026-04-15,79.01,usd
c0267,2026-04-15,87.44,usd
c0265,2026-05-15,78.49,usd
c0269,2026-05-15,91.22,usd
c0272,2026-05-15,88.55,usd
c0256,2026-05-15,87.17,usd
c0221,2026-05-15,85.41,usd
c0218,2026-05-15,94.93,usd
c0243,2026-05-15,79.37,usd
c0228,2026-05-15,82.35,usd
c0177,2026-05-15,99.19,usd
c0214,2026-05-15,81.04,usd
c0181,2026-05-15,93.05,usd
c0262,2026-05-15,91.4,usd
c0188,2026-05-15,101.54,usd
c0211,2026-05-15,95.67,usd
c0204,2026-05-15,79.81,usd
c0259,2026-05-15,95.55,usd
c0247,2026-05-15,97.77,usd
c0185,2026-05-15,79.95,usd
c0196,2026-05-15,88.02,usd
c0198,2026-05-15,82.05,usd
c0223,2026-05-15,88.24,usd
c0254,2026-05-15,89.97,usd
c0183,2026-05-15,88.56,usd
c0213,2026-05-15,79.49,usd
c0170,2026-05-15,87.06,usd
c0219,2026-05-15,78.94,usd
c0264,2026-05-15,85.06,usd
c0231,2026-05-15,99.03,usd
c0263,2026-05-15,92.63,usd
c0255,2026-05-15,97.52,usd
c0251,2026-05-15,85.44,usd
c0227,2026-05-15,82.14,usd
c0187,2026-05-15,87.54,usd
c0178,2026-05-15,84.59,usd
c0248,2026-05-15,77.14,usd
c0233,2026-05-15,83.23,usd
c0169,2026-05-15,81.35,usd
c0200,2026-05-15,102.74,usd
c0238,2026-05-15,99.17,usd
c0212,2026-05-15,84.82,usd
c0236,2026-05-15,96.93,usd
c0267,2026-05-15,88.48,usd
c0252,2026-05-15,95.96,usd
c0266,2026-05-15,78.1,usd
c0182,2026-05-15,84.95,usd
c0222,2026-05-15,95.85,usd
c0206,2026-05-15,95.61,usd
c0240,2026-05-15,82.19,usd
c0208,2026-05-15,90.37,usd
c0234,2026-05-15,84.19,usd
c0215,2026-05-15,85.81,usd
c0217,2026-05-15,95.51,usd
c0271,2026-05-15,86.56,usd
c0190,2026-05-15,103.69,usd
c0239,2026-05-15,93.25,usd
c0268,2026-05-15,78.92,usd
c0207,2026-05-15,79.83,usd
c0193,2026-05-15,89.67,usd
c0237,2026-05-15,81.55,usd
c0186,2026-05-15,77.41,usd
c0171,2026-05-15,86.34,usd
c0224,2026-05-15,87.46,usd
c0180,2026-05-15,80.45,usd
c0257,2026-05-15,92.5,usd
c0203,2026-05-15,77.55,usd
c0270,2026-05-15,80.86,usd
c0229,2026-05-15,80.39,usd
c0173,2026-05-15,99.07,usd
c0258,2026-05-15,103.64,usd
c0174,2026-05-15,80.83,usd
c0250,2026-05-15,91.43,usd
c0260,2026-05-15,91.37,usd
c0210,2026-05-15,97.41,usd
c0205,2026-05-15,83.11,usd
c0249,2026-05-15,95.23,usd
c0232,2026-05-15,91.67,usd
c0273,2026-05-15,87.82,usd
c0225,2026-05-15,82.2,usd
c0261,2026-05-15,103.31,usd
c0230,2026-05-15,89.81,usd
c0245,2026-05-15,96.19,usd
c0201,2026-05-15,95.95,usd
c0199,2026-05-15,79.72,usd
c0220,2026-05-15,97.75,usd
c0253,2026-05-15,85.75,usd
c0195,2026-05-15,103.01,usd
c0246,2026-05-15,89.11,usd
c0226,2026-05-15,89.73,usd
c0175,2026-05-15,79.35,usd
c0244,2026-05-15,91.48,usd
c0172,2026-05-15,86.37,usd
c0235,2026-05-15,83.81,usd
c0242,2026-05-15,91.5,usd
c0202,2026-05-15,84.16,usd
c0185,2026-06-15,80.88,usd
c0205,2026-06-15,84.08,usd
c0229,2026-06-15,81.33,usd
c0177,2026-06-15,100.35,usd
c0226,2026-06-15,90.78,usd
c0211,2026-06-15,96.79,usd
c0263,2026-06-15,93.71,usd
c0245,2026-06-15,97.32,usd
c0250,2026-06-15,92.5,usd
c0228,2026-06-15,83.31,usd
c0174,2026-06-15,81.77,usd
c0262,2026-06-15,92.47,usd
c0196,2026-06-15,89.05,usd
c0201,2026-06-15,97.08,usd
c0187,2026-06-15,88.56,usd
c0230,2026-06-15,90.86,usd
c0249,2026-06-15,96.35,usd
c0251,2026-06-15,86.44,usd
c0208,2026-06-15,91.43,usd
c0232,2026-06-15,92.74,usd
c0220,2026-06-15,98.89,usd
c0194,2026-06-15,84.2,usd
c0240,2026-06-15,83.15,usd
c0173,2026-06-15,100.23,usd
c0204,2026-06-15,80.75,usd
c0248,2026-06-15,78.04,usd
c0192,2026-06-15,84.49,usd
c0243,2026-06-15,80.3,usd
c0206,2026-06-15,96.73,usd
c0188,2026-06-15,102.73,usd
c0271,2026-06-15,87.57,usd
c0239,2026-06-15,94.34,usd
c0175,2026-06-15,80.27,usd
c0254,2026-06-15,91.02,usd
c0193,2026-06-15,90.72,usd
c0180,2026-06-15,81.39,usd
c0170,2026-06-15,88.07,usd
c0186,2026-06-15,78.32,usd
c0184,2026-06-15,88.53,usd
c0176,2026-06-15,104.52,usd
c0241,2026-06-15,90.0,usd
c0214,2026-06-15,81.99,usd
c0216,2026-06-15,96.84,usd
c0190,2026-06-15,104.9,usd
c0223,2026-06-15,89.27,usd
c0172,2026-06-15,87.38,usd
c0246,2026-06-15,90.15,usd
c0242,2026-06-15,92.57,usd
c0252,2026-06-15,97.08,usd
c0256,2026-06-15,88.19,usd
c0258,2026-06-15,104.85,usd
c0191,2026-06-15,96.71,usd
c0215,2026-06-15,86.82,usd
c0218,2026-06-15,96.04,usd
c0255,2026-06-15,98.66,usd
c0235,2026-06-15,84.79,usd
c0257,2026-06-15,93.58,usd
c0237,2026-06-15,82.5,usd
c0199,2026-06-15,80.65,usd
c0210,2026-06-15,98.55,usd
c0233,2026-06-15,84.2,usd
c0261,2026-06-15,104.52,usd
c0202,2026-06-15,85.15,usd
c0217,2026-06-15,96.63,usd
c0270,2026-06-15,81.81,usd
c0234,2026-06-15,85.18,usd
c0247,2026-06-15,98.92,usd
c0266,2026-06-15,79.01,usd
c0269,2026-06-15,92.28,usd
c0272,2026-06-15,89.59,usd
c0273,2026-06-15,88.85,usd
c0195,2026-06-15,104.21,usd
c0212,2026-06-15,85.82,usd
c0264,2026-06-15,86.06,usd
c0268,2026-06-15,79.84,usd
c0259,2026-06-15,96.67,usd
c0221,2026-06-15,86.4,usd
c0231,2026-06-15,100.19,usd
c0209,2026-06-15,85.1,usd
c0224,2026-06-15,88.48,usd
c0179,2026-06-15,87.96,usd
c0171,2026-06-15,87.35,usd
c0169,2026-06-15,82.3,usd
c0244,2026-06-15,92.55,usd
c0207,2026-06-15,80.76,usd
c0178,2026-06-15,85.58,usd
c0238,2026-06-15,100.33,usd
c0227,2026-06-15,83.1,usd
c0253,2026-06-15,86.76,usd
c0219,2026-06-15,79.86,usd
c0260,2026-06-15,92.44,usd
c0176,2026-07-15,105.73,usd
c0235,2026-07-15,85.77,usd
c0218,2026-07-15,97.15,usd
c0261,2026-07-15,105.73,usd
c0214,2026-07-15,82.93,usd
c0177,2026-07-15,101.51,usd
c0262,2026-07-15,93.54,usd
c0225,2026-07-15,84.12,usd
c0191,2026-07-15,97.82,usd
c0242,2026-07-15,93.64,usd
c0265,2026-07-15,80.33,usd
c0211,2026-07-15,97.91,usd
c0240,2026-07-15,84.11,usd
c0256,2026-07-15,89.21,usd
c0181,2026-07-15,95.23,usd
c0257,2026-07-15,94.66,usd
c0213,2026-07-15,81.35,usd
c0196,2026-07-15,90.08,usd
c0233,2026-07-15,85.17,usd
c0205,2026-07-15,85.05,usd
c0226,2026-07-15,91.83,usd
c0186,2026-07-15,79.23,usd
c0180,2026-07-15,82.33,usd
c0174,2026-07-15,82.72,usd
c0172,2026-07-15,88.39,usd
c0273,2026-07-15,89.87,usd
c0195,2026-07-15,105.42,usd
c0259,2026-07-15,97.79,usd
c0248,2026-07-15,78.95,usd
c0266,2026-07-15,79.93,usd
c0237,2026-07-15,83.46,usd
c0189,2026-07-15,80.32,usd
c0255,2026-07-15,99.8,usd
c0229,2026-07-15,82.27,usd
c0244,2026-07-15,93.62,usd
c0170,2026-07-15,89.09,usd
c0232,2026-07-15,93.81,usd
c0236,2026-07-15,99.2,usd
c0185,2026-07-15,81.82,usd
c0188,2026-07-15,103.92,usd
c0184,2026-07-15,89.56,usd
c0187,2026-07-15,89.58,usd
c0239,2026-07-15,95.43,usd
c0192,2026-07-15,85.47,usd
c0271,2026-07-15,88.58,usd
c0182,2026-07-15,86.93,usd
c0224,2026-07-15,89.5,usd
c0171,2026-07-15,88.35,usd
c0178,2026-07-15,86.57,usd
c0247,2026-07-15,100.06,usd
c0253,2026-07-15,87.76,usd
c0173,2026-07-15,101.39,usd
c0197,2026-07-15,88.71,usd
c0246,2026-07-15,91.19,usd
c0199,2026-07-15,81.58,usd
c0203,2026-07-15,79.37,usd
c0260,2026-07-15,93.51,usd
c0269,2026-07-15,93.35,usd
c0270,2026-07-15,82.76,usd
c0198,2026-07-15,83.97,usd
c0250,2026-07-15,93.56,usd
c0216,2026-07-15,97.96,usd
c0230,2026-07-15,91.91,usd
c0227,2026-07-15,84.06,usd
c0208,2026-07-15,92.49,usd
c0193,2026-07-15,91.77,usd
c0202,2026-07-15,86.13,usd
c0249,2026-07-15,97.46,usd
c0258,2026-07-15,106.07,usd
c0220,2026-07-15,100.04,usd
c0243,2026-07-15,81.23,usd
c0263,2026-07-15,94.8,usd
c0228,2026-07-15,84.27,usd
c0252,2026-07-15,98.2,usd
c0254,2026-07-15,92.07,usd
c0238,2026-07-15,101.49,usd
c0217,2026-07-15,97.75,usd
c0251,2026-07-15,87.44,usd
c0209,2026-07-15,86.08,usd
c0221,2026-07-15,87.4,usd
c0206,2026-07-15,97.85,usd
c0179,2026-07-15,88.97,usd
c0245,2026-07-15,98.44,usd
c0231,2026-07-15,101.35,usd
c0210,2026-07-15,99.69,usd
c0183,2026-07-15,90.63,usd
c0200,2026-07-15,105.14,usd
c0215,2026-07-15,87.82,usd
c0219,2026-07-15,80.79,usd
c0227,2026-08-15,85.02,usd
c0212,2026-08-15,87.8,usd
c0171,2026-08-15,89.36,usd
c0213,2026-08-15,82.28,usd
c0229,2026-08-15,83.21,usd
c0267,2026-08-15,91.58,usd
c0175,2026-08-15,82.13,usd
c0248,2026-08-15,79.85,usd
c0214,2026-08-15,83.88,usd
c0186,2026-08-15,80.13,usd
c0223,2026-08-15,91.34,usd
c0170,2026-08-15,90.11,usd
c0190,2026-08-15,107.33,usd
c0194,2026-08-15,86.15,usd
c0206,2026-08-15,98.97,usd
c0252,2026-08-15,99.32,usd
c0195,2026-08-15,106.62,usd
c0247,2026-08-15,101.2,usd
c0222,2026-08-15,99.22,usd
c0237,2026-08-15,84.41,usd
c0240,2026-08-15,85.07,usd
c0185,2026-08-15,82.75,usd
c0259,2026-08-15,98.91,usd
c0257,2026-08-15,95.75,usd
c0180,2026-08-15,83.27,usd
c0254,2026-08-15,93.12,usd
c0181,2026-08-15,96.31,usd
c0203,2026-08-15,80.27,usd
c0176,2026-08-15,106.94,usd
c0225,2026-08-15,85.08,usd
c0187,2026-08-15,90.61,usd
c0256,2026-08-15,90.23,usd
c0265,2026-08-15,81.25,usd
c0244,2026-08-15,94.69,usd
c0219,2026-08-15,81.71,usd
c0268,2026-08-15,81.68,usd
c0238,2026-08-15,102.65,usd
c0216,2026-08-15,99.08,usd
c0246,2026-08-15,92.24,usd
c0174,2026-08-15,83.66,usd
c0205,2026-08-15,86.03,usd
c0211,2026-08-15,99.03,usd
c0196,2026-08-15,91.11,usd
c0230,2026-08-15,92.96,usd
c0217,2026-08-15,98.86,usd
c0220,2026-08-15,101.18,usd
c0169,2026-08-15,84.2,usd
c0200,2026-08-15,106.34,usd
c0233,2026-08-15,86.15,usd
c0209,2026-08-15,87.07,usd
c0273,2026-08-15,90.9,usd
c0261,2026-08-15,106.94,usd
c0266,2026-08-15,80.84,usd
c0272,2026-08-15,91.66,usd
c0182,2026-08-15,87.93,usd
c0188,2026-08-15,105.11,usd
c0208,2026-08-15,93.55,usd
c0221,2026-08-15,88.4,usd
c0269,2026-08-15,94.42,usd
c0258,2026-08-15,107.28,usd
c0177,2026-08-15,102.67,usd
c0202,2026-08-15,87.12,usd
c0218,2026-08-15,98.26,usd
c0239,2026-08-15,96.52,usd
c0253,2026-08-15,88.76,usd
c0241,2026-08-15,92.08,usd
c0255,2026-08-15,100.94,usd
c0172,2026-08-15,89.4,usd
c0199,2026-08-15,82.51,usd
c0224,2026-08-15,90.53,usd
c0173,2026-08-15,102.55,usd
c0243,2026-08-15,82.15,usd
c0236,2026-08-15,100.33,usd
c0270,2026-08-15,83.7,usd
c0249,2026-08-15,98.57,usd
c0251,2026-08-15,88.44,usd
c0191,2026-08-15,98.94,usd
c0198,2026-08-15,84.93,usd
c0263,2026-08-15,95.88,usd
c0201,2026-08-15,99.32,usd
c0210,2026-08-15,100.82,usd
c0226,2026-08-15,92.87,usd
c0189,2026-08-15,81.24,usd
c0215,2026-08-15,88.82,usd
c0262,2026-08-15,94.61,usd
c0232,2026-08-15,94.88,usd
c0271,2026-08-15,89.59,usd
c0222,2026-09-15,100.34,usd
c0261,2026-09-15,108.15,usd
c0271,2026-09-15,90.6,usd
c0230,2026-09-15,94.01,usd
c0260,2026-09-15,95.64,usd
c0194,2026-09-15,87.12,usd
c0258,2026-09-15,108.49,usd
c0228,2026-09-15,86.2,usd
c0256,2026-09-15,91.25,usd
c0182,2026-09-15,88.92,usd
c0210,2026-09-15,101.96,usd
c0202,2026-09-15,88.1,usd
c0243,2026-09-15,83.08,usd
c0257,2026-09-15,96.83,usd
c0225,2026-09-15,86.04,usd
c0232,2026-09-15,95.96,usd
c0216,2026-09-15,100.2,usd
c0180,2026-09-15,84.21,usd
c0273,2026-09-15,91.93,usd
c0247,2026-09-15,102.35,usd
c0266,2026-09-15,81.76,usd
c0264,2026-09-15,89.04,usd
c0204,2026-09-15,83.55,usd
c0267,2026-09-15,92.62,usd
c0242,2026-09-15,95.78,usd
c0246,2026-09-15,93.28,usd
c0231,2026-09-15,103.66,usd
c0192,2026-09-15,87.42,usd
c0200,2026-09-15,107.55,usd
c0262,2026-09-15,95.68,usd
c0251,2026-09-15,89.44,usd
c0226,2026-09-15,93.92,usd
c0198,2026-09-15,85.89,usd
c0244,2026-09-15,95.76,usd
c0239,2026-09-15,97.61,usd
c0189,2026-09-15,82.16,usd
c0227,2026-09-15,85.98,usd
c0193,2026-09-15,93.87,usd
c0237,2026-09-15,85.36,usd
c0221,2026-09-15,89.4,usd
c0234,2026-09-15,88.13,usd
c0170,2026-09-15,91.13,usd
c0176,2026-09-15,108.15,usd
c0177,2026-09-15,103.83,usd
c0199,2026-09-15,83.45,usd
c0181,2026-09-15,97.4,usd
c0172,2026-09-15,90.41,usd
c0272,2026-09-15,92.69,usd
c0263,2026-09-15,96.96,usd
c0171,2026-09-15,90.37,usd
c0187,2026-09-15,91.63,usd
c0259,2026-09-15,100.02,usd
c0270,2026-09-15,84.65,usd
c0215,2026-09-15,89.83,usd
c0209,2026-09-15,88.05,usd
c0249,2026-09-15,99.69,usd
c0255,2026-09-15,102.08,usd
c0185,2026-09-15,83.69,usd
c0186,2026-09-15,81.04,usd
c0191,2026-09-15,100.06,usd
c0173,2026-09-15,103.71,usd
c0253,2026-09-15,89.77,usd
c0183,2026-09-15,92.7,usd
c0197,2026-09-15,90.73,usd
c0179,2026-09-15,91.01,usd
c0196,2026-09-15,92.14,usd
c0169,2026-09-15,85.15,usd
c0265,2026-09-15,82.17,usd
c0224,2026-09-15,91.55,usd
c0174,2026-09-15,84.61,usd
c0218,2026-09-15,99.38,usd
c0207,2026-09-15,83.56,usd
c0214,2026-09-15,84.83,usd
c0203,2026-09-15,81.18,usd
c0175,2026-09-15,83.06,usd
c0213,2026-09-15,83.21,usd
c0211,2026-09-15,100.15,usd
c0223,2026-09-15,92.37,usd
c0220,2026-09-15,102.32,usd
c0248,2026-09-15,80.75,usd
c0252,2026-09-15,100.45,usd
c0201,2026-09-15,100.44,usd
c0206,2026-09-15,100.08,usd
c0235,2026-09-15,87.73,usd
c0219,2026-09-15,82.63,usd
c0203,2026-10-15,82.09,usd
c0243,2026-10-15,84.01,usd
c0246,2026-10-15,94.32,usd
c0204,2026-10-15,84.48,usd
c0245,2026-10-15,101.82,usd
c0249,2026-10-15,100.8,usd
c0247,2026-10-15,103.49,usd
c0250,2026-10-15,96.77,usd
c0268,2026-10-15,83.53,usd
c0232,2026-10-15,97.03,usd
c0238,2026-10-15,104.97,usd
c0189,2026-10-15,83.08,usd
c0170,2026-10-15,92.15,usd
c0224,2026-10-15,92.57,usd
c0233,2026-10-15,88.09,usd
c0221,2026-10-15,90.4,usd
c0179,2026-10-15,92.02,usd
c0214,2026-10-15,85.78,usd
c0239,2026-10-15,98.7,usd
c0183,2026-10-15,93.74,usd
c0259,2026-10-15,101.14,usd
c0188,2026-10-15,107.48,usd
c0225,2026-10-15,87.0,usd
c0199,2026-10-15,84.38,usd
c0252,2026-10-15,101.57,usd
c0230,2026-10-15,95.06,usd
c0213,2026-10-15,84.14,usd
c0215,2026-10-15,90.83,usd
c0255,2026-10-15,103.22,usd
c0256,2026-10-15,92.27,usd
c0190,2026-10-15,109.75,usd
c0194,2026-10-15,88.1,usd
c0260,2026-10-15,96.71,usd
c0231,2026-10-15,104.82,usd
c0177,2026-10-15,104.99,usd
c0228,2026-10-15,87.16,usd
c0212,2026-10-15,89.79,usd
c0263,2026-10-15,98.05,usd
c0171,2026-10-15,91.38,usd
c0176,2026-10-15,109.35,usd
c0269,2026-10-15,96.55,usd
c0187,2026-10-15,92.66,usd
c0219,2026-10-15,83.56,usd
c0266,2026-10-15,82.67,usd
c0261,2026-10-15,109.35,usd
c0235,2026-10-15,88.71,usd
c0198,2026-10-15,86.85,usd
c0195,2026-10-15,109.03,usd
c0272,2026-10-15,93.73,usd
c0184,2026-10-15,92.63,usd
c0191,2026-10-15,101.18,usd
c0207,2026-10-15,84.5,usd
c0236,2026-10-15,102.6,usd
c0240,2026-10-15,86.99,usd
c0196,2026-10-15,93.16,usd
c0254,2026-10-15,95.23,usd
c0208,2026-10-15,95.66,usd
c0237,2026-10-15,86.32,usd
c0273,2026-10-15,92.96,usd
c0201,2026-10-15,101.57,usd
c0180,2026-10-15,85.15,usd
c0185,2026-10-15,84.62,usd
c0265,2026-10-15,83.08,usd
c0211,2026-10-15,101.27,usd
c0182,2026-10-15,89.91,usd
c0186,2026-10-15,81.94,usd
c0248,2026-10-15,81.65,usd
c0209,2026-10-15,89.03,usd
c0271,2026-10-15,91.62,usd
c0242,2026-10-15,96.85,usd
c0241,2026-10-15,94.16,usd
c0192,2026-10-15,88.4,usd
c0253,2026-10-15,90.77,usd
c0251,2026-10-15,90.44,usd
c0175,2026-10-15,83.99,usd
c0244,2026-10-15,96.83,usd
c0202,2026-10-15,89.08,usd
c0234,2026-10-15,89.12,usd
c0218,2026-10-15,100.49,usd
c0217,2026-10-15,101.1,usd
c0267,2026-10-15,93.65,usd
c0216,2026-10-15,101.32,usd
c0205,2026-10-15,87.97,usd
c0223,2026-10-15,93.4,usd
c0174,2026-10-15,85.55,usd
c0289,2026-04-15,93.16,usd
c0300,2026-04-15,88.25,usd
c0348,2026-04-15,82.2,usd
c0283,2026-04-15,90.53,usd
c0282,2026-04-15,100.81,usd
c0380,2026-04-15,87.85,usd
c0335,2026-04-15,85.24,usd
c0370,2026-04-15,82.22,usd
c0285,2026-04-15,83.21,usd
c0354,2026-04-15,104.46,usd
c0340,2026-04-15,95.1,usd
c0313,2026-04-15,98.53,usd
c0346,2026-04-15,88.61,usd
c0278,2026-04-15,104.7,usd
c0373,2026-04-15,79.39,usd
c0356,2026-04-15,90.34,usd
c0343,2026-04-15,87.46,usd
c0314,2026-04-15,92.66,usd
c0337,2026-04-15,91.61,usd
c0376,2026-04-15,83.2,usd
c0362,2026-04-15,93.51,usd
c0290,2026-04-15,97.84,usd
c0361,2026-04-15,96.37,usd
c0286,2026-04-15,97.86,usd
c0297,2026-04-15,93.55,usd
c0351,2026-04-15,85.1,usd
c0276,2026-04-15,81.45,usd
c0328,2026-04-15,81.12,usd
c0312,2026-04-15,86.29,usd
c0381,2026-04-15,105.43,usd
c0330,2026-04-15,92.96,usd
c0363,2026-04-15,102.26,usd
c0357,2026-04-15,80.65,usd
c0306,2026-04-15,97.43,usd
c0349,2026-04-15,99.94,usd
c0288,2026-04-15,95.37,usd
c0321,2026-04-15,103.18,usd
c0372,2026-04-15,84.45,usd
c0305,2026-04-15,84.09,usd
c0327,2026-04-15,86.48,usd
c0355,2026-04-15,88.32,usd
c0295,2026-04-15,95.53,usd
c0333,2026-04-15,96.47,usd
c0371,2026-04-15,103.11,usd
c0338,2026-04-15,82.87,usd
c0324,2026-04-15,102.91,usd
c0291,2026-04-15,80.67,usd
c0352,2026-04-15,97.64,usd
c0281,2026-04-15,94.31,usd
c0310,2026-04-15,88.71,usd
c0317,2026-04-15,86.3,usd
c0293,2026-04-15,86.2,usd
c0294,2026-04-15,95.38,usd
c0329,2026-04-15,96.28,usd
c0323,2026-04-15,79.08,usd
c0298,2026-04-15,101.48,usd
c0353,2026-04-15,104.67,usd
c0299,2026-04-15,91.0,usd
c0296,2026-04-15,96.19,usd
c0366,2026-04-15,78.57,usd
c0308,2026-04-15,86.62,usd
c0347,2026-04-15,100.87,usd
c0302,2026-04-15,83.8,usd
c0377,2026-04-15,88.34,usd
c0277,2026-04-15,84.55,usd
c0341,2026-04-15,103.22,usd
c0301,2026-04-15,82.04,usd
c0375,2026-04-15,101.2,usd
c0280,2026-04-15,104.42,usd
c0304,2026-04-15,103.03,usd
c0339,2026-04-15,93.87,usd
c0319,2026-04-15,99.2,usd
c0364,2026-04-15,104.42,usd
c0379,2026-04-15,99.11,usd
c0275,2026-04-15,102.44,usd
c0320,2026-04-15,93.79,usd
c0322,2026-04-15,97.69,usd
c0336,2026-04-15,89.39,usd
c0359,2026-04-15,101.31,usd
c0309,2026-04-15,98.09,usd
c0350,2026-04-15,100.87,usd
c0284,2026-04-15,98.26,usd
c0360,2026-04-15,94.46,usd
c0311,2026-04-15,93.75,usd
c0358,2026-04-15,80.91,usd
c0279,2026-04-15,81.59,usd
c0345,2026-04-15,89.7,usd
c0326,2026-04-15,82.66,usd
c0374,2026-04-15,96.18,usd
c0332,2026-04-15,103.72,usd
c0287,2026-04-15,85.15,usd
c0365,2026-04-15,102.91,usd
c0307,2026-04-15,85.68,usd
c0367,2026-04-15,94.36,usd
c0344,2026-04-15,103.47,usd
c0303,2026-04-15,98.1,usd
c0292,2026-04-15,105.51,usd
c0274,2026-04-15,99.34,usd
c0368,2026-04-15,94.67,usd
c0342,2026-04-15,97.68,usd
c0315,2026-04-15,92.93,usd
c0383,2026-04-15,84.26,usd
c0325,2026-04-15,87.41,usd
c0318,2026-04-15,79.09,usd
c0369,2026-04-15,104.18,usd
c0334,2026-04-15,91.77,usd
c0316,2026-04-15,92.31,usd
c0382,2026-04-15,90.3,usd
c0331,2026-04-15,96.37,usd
c0378,2026-04-15,100.08,usd
c0298,2026-05-15,103.01,usd
c0337,2026-05-15,92.98,usd
c0371,2026-05-15,104.66,usd
c0294,2026-05-15,96.81,usd
c0332,2026-05-15,105.28,usd
c0347,2026-05-15,102.38,usd
c0285,2026-05-15,84.46,usd
c0340,2026-05-15,96.53,usd
c0314,2026-05-15,94.05,usd
c0326,2026-05-15,83.9,usd
c0277,2026-05-15,85.81,usd
c0306,2026-05-15,98.89,usd
c0312,2026-05-15,87.58,usd
c0295,2026-05-15,96.96,usd
c0296,2026-05-15,97.63,usd
c0363,2026-05-15,103.79,usd
c0290,2026-05-15,99.31,usd
c0299,2026-05-15,92.37,usd
c0317,2026-05-15,87.6,usd
c0377,2026-05-15,89.66,usd
c0309,2026-05-15,99.56,usd
c0310,2026-05-15,90.04,usd
c0343,2026-05-15,88.77,usd
c0335,2026-05-15,86.52,usd
c0360,2026-05-15,95.88,usd
c0342,2026-05-15,99.14,usd
c0374,2026-05-15,97.62,usd
c0359,2026-05-15,102.83,usd
c0355,2026-05-15,89.64,usd
c0331,2026-05-15,97.82,usd
c0316,2026-05-15,93.69,usd
c0361,2026-05-15,97.81,usd
c0279,2026-05-15,82.82,usd
c0341,2026-05-15,104.76,usd
c0356,2026-05-15,91.69,usd
c0291,2026-05-15,81.88,usd
c0318,2026-05-15,80.28,usd
c0379,2026-05-15,100.59,usd
c0281,2026-05-15,95.73,usd
c0289,2026-05-15,94.56,usd
c0367,2026-05-15,95.77,usd
c0308,2026-05-15,87.92,usd
c0304,2026-05-15,104.58,usd
c0283,2026-05-15,91.89,usd
c0282,2026-05-15,102.32,usd
c0322,2026-05-15,99.16,usd
c0319,2026-05-15,100.68,usd
c0344,2026-05-15,105.02,usd
c0346,2026-05-15,89.94,usd
c0382,2026-05-15,91.65,usd
c0351,2026-05-15,86.37,usd
c0330,2026-05-15,94.35,usd
c0275,2026-05-15,103.98,usd
c0305,2026-05-15,85.35,usd
c0338,2026-05-15,84.12,usd
c0286,2026-05-15,99.33,usd
c0378,2026-05-15,101.58,usd
c0357,2026-05-15,81.86,usd
c0315,2026-05-15,94.32,usd
c0354,2026-05-15,106.03,usd
c0323,2026-05-15,80.27,usd
c0333,2026-05-15,97.92,usd
c0311,2026-05-15,95.15,usd
c0329,2026-05-15,97.72,usd
c0364,2026-05-15,105.99,usd
c0370,2026-05-15,83.45,usd
c0339,2026-05-15,95.28,usd
c0381,2026-05-15,107.01,usd
c0362,2026-05-15,94.92,usd
c0307,2026-05-15,86.96,usd
c0353,2026-05-15,106.24,usd
c0293,2026-05-15,87.49,usd
c0288,2026-05-15,96.8,usd
c0278,2026-05-15,106.27,usd
c0324,2026-05-15,104.45,usd
c0369,2026-05-15,105.74,usd
c0276,2026-05-15,82.67,usd
c0352,2026-05-15,99.11,usd
c0303,2026-05-15,99.57,usd
c0376,2026-05-15,84.44,usd
c0284,2026-05-15,99.74,usd
c0292,2026-05-15,107.09,usd
c0300,2026-05-15,89.58,usd
c0280,2026-05-15,105.98,usd
c0327,2026-05-15,87.77,usd
c0366,2026-05-15,79.75,usd
c0313,2026-05-15,100.01,usd
c0287,2026-05-15,86.42,usd
c0349,2026-05-15,101.44,usd
c0320,2026-05-15,95.2,usd
c0358,2026-05-15,82.12,usd
c0380,2026-05-15,89.16,usd
c0325,2026-05-15,88.72,usd
c0345,2026-05-15,91.04,usd
c0297,2026-05-15,94.95,usd
c0368,2026-05-15,96.09,usd
c0334,2026-05-15,93.15,usd
c0365,2026-05-15,104.45,usd
c0328,2026-05-15,82.34,usd
c0302,2026-05-15,85.05,usd
c0274,2026-05-15,100.83,usd
c0375,2026-05-15,102.72,usd
c0321,2026-05-15,104.72,usd
c0322,2026-06-15,100.33,usd
c0323,2026-06-15,81.22,usd
c0287,2026-06-15,87.45,usd
c0311,2026-06-15,96.28,usd
c0360,2026-06-15,97.01,usd
c0341,2026-06-15,106.0,usd
c0361,2026-06-15,98.97,usd
c0376,2026-06-15,85.44,usd
c0351,2026-06-15,87.39,usd
c0315,2026-06-15,95.43,usd
c0310,2026-06-15,91.11,usd
c0325,2026-06-15,89.77,usd
c0329,2026-06-15,98.88,usd
c0359,2026-06-15,104.04,usd
c0355,2026-06-15,90.7,usd
c0307,2026-06-15,87.99,usd
c0316,2026-06-15,94.8,usd
c0346,2026-06-15,91.0,usd
c0371,2026-06-15,105.89,usd
c0326,2026-06-15,84.9,usd
c0303,2026-06-15,100.75,usd
c0295,2026-06-15,98.1,usd
c0320,2026-06-15,96.32,usd
c0292,2026-06-15,108.36,usd
c0364,2026-06-15,107.24,usd
c0356,2026-06-15,92.78,usd
c0330,2026-06-15,95.47,usd
c0289,2026-06-15,95.67,usd
c0306,2026-06-15,100.06,usd
c0274,2026-06-15,102.02,usd
c0375,2026-06-15,103.93,usd
c0319,2026-06-15,101.87,usd
c0374,2026-06-15,98.77,usd
c0347,2026-06-15,103.6,usd
c0381,2026-06-15,108.27,usd
c0368,2026-06-15,97.23,usd
c0302,2026-06-15,86.06,usd
c0340,2026-06-15,97.67,usd
c0278,2026-06-15,107.53,usd
c0369,2026-06-15,106.99,usd
c0286,2026-06-15,100.5,usd
c0337,2026-06-15,94.08,usd
c0331,2026-06-15,98.97,usd
c0284,2026-06-15,100.91,usd
c0282,2026-06-15,103.53,usd
c0372,2026-06-15,86.73,usd
c0353,2026-06-15,107.5,usd
c0365,2026-06-15,105.69,usd
c0327,2026-06-15,88.81,usd
c0281,2026-06-15,96.86,usd
c0285,2026-06-15,85.46,usd
c0276,2026-06-15,83.65,usd
c0317,2026-06-15,88.63,usd
c0301,2026-06-15,84.25,usd
c0279,2026-06-15,83.8,usd
c0283,2026-06-15,92.98,usd
c0332,2026-06-15,106.52,usd
c0290,2026-06-15,100.49,usd
c0366,2026-06-15,80.69,usd
c0321,2026-06-15,105.96,usd
c0370,2026-06-15,84.44,usd
c0308,2026-06-15,88.96,usd
c0288,2026-06-15,97.95,usd
c0304,2026-06-15,105.81,usd
c0383,2026-06-15,86.54,usd
c0339,2026-06-15,96.4,usd
c0328,2026-06-15,83.31,usd
c0348,2026-06-15,84.42,usd
c0294,2026-06-15,97.96,usd
c0324,2026-06-15,105.69,usd
c0334,2026-06-15,94.25,usd
c0380,2026-06-15,90.22,usd
c0277,2026-06-15,86.83,usd
c0333,2026-06-15,99.07,usd
c0298,2026-06-15,104.23,usd
c0377,2026-06-15,90.72,usd
c0342,2026-06-15,100.31,usd
c0338,2026-06-15,85.11,usd
c0367,2026-06-15,96.91,usd
c0309,2026-06-15,100.73,usd
c0358,2026-06-15,83.09,usd
c0305,2026-06-15,86.36,usd
c0354,2026-06-15,107.28,usd
c0336,2026-06-15,91.8,usd
c0350,2026-06-15,103.59,usd
c0291,2026-06-15,82.85,usd
c0313,2026-06-15,101.19,usd
c0344,2026-06-15,106.26,usd
c0296,2026-06-15,98.79,usd
c0352,2026-06-15,100.28,usd
c0382,2026-06-15,92.74,usd
c0318,2026-06-15,81.23,usd
c0373,2026-06-15,81.54,usd
c0300,2026-06-15,90.64,usd
c0275,2026-06-15,105.21,usd
c0280,2026-06-15,107.24,usd
c0335,2026-06-15,87.54,usd
c0363,2026-06-15,105.02,usd
c0345,2026-06-15,92.12,usd
c0372,2026-07-15,87.74,usd
c0310,2026-07-15,92.17,usd
c0274,2026-07-15,103.21,usd
c0295,2026-07-15,99.25,usd
c0326,2026-07-15,85.89,usd
c0287,2026-07-15,88.47,usd
c0298,2026-07-15,105.44,usd
c0321,2026-07-15,107.2,usd
c0362,2026-07-15,97.16,usd
c0357,2026-07-15,83.8,usd
c0293,2026-07-15,89.56,usd
c0382,2026-07-15,93.82,usd
c0324,2026-07-15,106.92,usd
c0359,2026-07-15,105.26,usd
c0311,2026-07-15,97.4,usd
c0280,2026-07-15,108.49,usd
c0370,2026-07-15,85.42,usd
c0317,2026-07-15,89.67,usd
c0292,2026-07-15,109.62,usd
c0285,2026-07-15,86.45,usd
c0352,2026-07-15,101.45,usd
c0366,2026-07-15,81.64,usd
c0381,2026-07-15,109.54,usd
c0375,2026-07-15,105.15,usd
c0365,2026-07-15,106.92,usd
c0312,2026-07-15,89.65,usd
c0336,2026-07-15,92.87,usd
c0330,2026-07-15,96.58,usd
c0290,2026-07-15,101.66,usd
c0296,2026-07-15,99.94,usd
c0349,2026-07-15,103.84,usd
c0307,2026-07-15,89.02,usd
c0308,2026-07-15,90.0,usd
c0331,2026-07-15,100.13,usd
c0304,2026-07-15,107.05,usd
c0279,2026-07-15,84.78,usd
c0332,2026-07-15,107.77,usd
c0373,2026-07-15,82.49,usd
c0281,2026-07-15,97.99,usd
c0320,2026-07-15,97.45,usd
c0364,2026-07-15,108.49,usd
c0283,2026-07-15,94.06,usd
c0338,2026-07-15,86.1,usd
c0368,2026-07-15,98.37,usd
c0341,2026-07-15,107.24,usd
c0354,2026-07-15,108.54,usd
c0346,2026-07-15,92.06,usd
c0305,2026-07-15,87.37,usd
c0376,2026-07-15,86.44,usd
c0355,2026-07-15,91.76,usd
c0316,2026-07-15,95.91,usd
c0383,2026-07-15,87.55,usd
c0374,2026-07-15,99.93,usd
c0327,2026-07-15,89.85,usd
c0314,2026-07-15,96.27,usd
c0379,2026-07-15,102.97,usd
c0291,2026-07-15,83.82,usd
c0306,2026-07-15,101.23,usd
c0333,2026-07-15,100.23,usd
c0344,2026-07-15,107.5,usd
c0297,2026-07-15,97.2,usd
c0309,2026-07-15,101.91,usd
c0337,2026-07-15,95.18,usd
c0288,2026-07-15,99.09,usd
c0328,2026-07-15,84.29,usd
c0342,2026-07-15,101.49,usd
c0371,2026-07-15,107.13,usd
c0353,2026-07-15,108.76,usd
c0340,2026-07-15,98.81,usd
c0313,2026-07-15,102.37,usd
c0329,2026-07-15,100.03,usd
c0356,2026-07-15,93.86,usd
c0315,2026-07-15,96.55,usd
c0358,2026-07-15,84.06,usd
c0319,2026-07-15,103.06,usd
c0277,2026-07-15,87.84,usd
c0282,2026-07-15,104.74,usd
c0275,2026-07-15,106.44,usd
c0335,2026-07-15,88.56,usd
c0367,2026-07-15,98.04,usd
c0278,2026-07-15,108.79,usd
c0322,2026-07-15,101.5,usd
c0345,2026-07-15,93.2,usd
c0301,2026-07-15,85.24,usd
c0339,2026-07-15,97.53,usd
c0363,2026-07-15,106.25,usd
c0318,2026-07-15,82.18,usd
c0380,2026-07-15,91.27,usd
c0325,2026-07-15,90.82,usd
c0377,2026-07-15,91.78,usd
c0343,2026-07-15,90.87,usd
c0302,2026-07-15,87.06,usd
c0300,2026-07-15,91.7,usd
c0299,2026-07-15,94.55,usd
c0361,2026-07-15,100.12,usd
c0323,2026-07-15,82.17,usd
c0345,2026-08-15,94.27,usd
c0298,2026-08-15,106.66,usd
c0351,2026-08-15,89.44,usd
c0340,2026-08-15,99.95,usd
c0288,2026-08-15,100.24,usd
c0383,2026-08-15,88.56,usd
c0314,2026-08-15,97.39,usd
c0341,2026-08-15,108.48,usd
c0342,2026-08-15,102.66,usd
c0378,2026-08-15,105.18,usd
c0331,2026-08-15,101.29,usd
c0334,2026-08-15,96.45,usd
c0293,2026-08-15,90.59,usd
c0347,2026-08-15,106.02,usd
c0287,2026-08-15,89.49,usd
c0285,2026-08-15,87.45,usd
c0292,2026-08-15,110.89,usd
c0328,2026-08-15,85.26,usd
c0380,2026-08-15,92.33,usd
c0286,2026-08-15,102.85,usd
c0316,2026-08-15,97.02,usd
c0309,2026-08-15,103.09,usd
c0279,2026-08-15,85.76,usd
c0367,2026-08-15,99.17,usd
c0319,2026-08-15,104.26,usd
c0324,2026-08-15,108.16,usd
c0323,2026-08-15,83.12,usd
c0349,2026-08-15,105.04,usd
c0338,2026-08-15,87.1,usd
c0362,2026-08-15,98.28,usd
c0330,2026-08-15,97.7,usd
c0312,2026-08-15,90.69,usd
c0344,2026-08-15,108.74,usd
c0339,2026-08-15,98.66,usd
c0290,2026-08-15,102.83,usd
c0332,2026-08-15,109.01,usd
c0364,2026-08-15,109.74,usd
c0320,2026-08-15,98.58,usd
c0280,2026-08-15,109.74,usd
c0333,2026-08-15,101.39,usd
c0315,2026-08-15,97.66,usd
c0350,2026-08-15,106.01,usd
c0322,2026-08-15,102.68,usd
c0307,2026-08-15,90.04,usd
c0294,2026-08-15,100.25,usd
c0355,2026-08-15,92.82,usd
c0299,2026-08-15,95.64,usd
c0308,2026-08-15,91.03,usd
c0295,2026-08-15,100.4,usd
c0366,2026-08-15,82.58,usd
c0302,2026-08-15,88.07,usd
c0359,2026-08-15,106.47,usd
c0277,2026-08-15,88.86,usd
c0304,2026-08-15,108.29,usd
c0282,2026-08-15,105.95,usd
c0306,2026-08-15,102.4,usd
c0370,2026-08-15,86.41,usd
c0297,2026-08-15,98.32,usd
c0352,2026-08-15,102.62,usd
c0329,2026-08-15,101.19,usd
c0325,2026-08-15,91.87,usd
c0317,2026-08-15,90.7,usd
c0368,2026-08-15,99.5,usd
c0337,2026-08-15,96.28,usd
c0310,2026-08-15,93.24,usd
c0354,2026-08-15,109.79,usd
c0274,2026-08-15,104.4,usd
c0296,2026-08-15,101.1,usd
c0311,2026-08-15,98.53,usd
c0326,2026-08-15,86.88,usd
c0276,2026-08-15,85.6,usd
c0373,2026-08-15,83.44,usd
c0335,2026-08-15,89.59,usd
c0321,2026-08-15,108.44,usd
c0289,2026-08-15,97.91,usd
c0327,2026-08-15,90.89,usd
c0365,2026-08-15,108.16,usd
c0361,2026-08-15,101.28,usd
c0358,2026-08-15,85.03,usd
c0313,2026-08-15,103.56,usd
c0300,2026-08-15,92.76,usd
c0301,2026-08-15,86.22,usd
c0382,2026-08-15,94.9,usd
c0278,2026-08-15,110.04,usd
c0346,2026-08-15,93.13,usd
c0281,2026-08-15,99.12,usd
c0381,2026-08-15,110.8,usd
c0376,2026-08-15,87.44,usd
c0283,2026-08-15,95.15,usd
c0343,2026-08-15,91.92,usd
c0284,2026-08-15,103.27,usd
c0371,2026-08-15,108.37,usd
c0318,2026-08-15,83.12,usd
c0374,2026-08-15,101.08,usd
c0318,2026-09-15,84.07,usd
c0350,2026-09-15,107.22,usd
c0334,2026-09-15,97.55,usd
c0369,2026-09-15,110.74,usd
c0309,2026-09-15,104.26,usd
c0337,2026-09-15,97.38,usd
c0298,2026-09-15,107.88,usd
c0368,2026-09-15,100.64,usd
c0304,2026-09-15,109.52,usd
c0316,2026-09-15,98.12,usd
c0307,2026-09-15,91.07,usd
c0295,2026-09-15,101.54,usd
c0329,2026-09-15,102.34,usd
c0281,2026-09-15,100.25,usd
c0279,2026-09-15,86.73,usd
c0275,2026-09-15,108.9,usd
c0328,2026-09-15,86.23,usd
c0276,2026-09-15,86.58,usd
c0374,2026-09-15,102.24,usd
c0381,2026-09-15,112.07,usd
c0302,2026-09-15,89.07,usd
c0342,2026-09-15,103.83,usd
c0291,2026-09-15,85.75,usd
c0290,2026-09-15,104.01,usd
c0340,2026-09-15,101.1,usd
c0367,2026-09-15,100.3,usd
c0357,2026-09-15,85.73,usd
c0371,2026-09-15,109.61,usd
c0343,2026-09-15,92.97,usd
c0358,2026-09-15,86.0,usd
c0325,2026-09-15,92.92,usd
c0310,2026-09-15,94.3,usd
c0382,2026-09-15,95.99,usd
c0313,2026-09-15,104.74,usd
c0320,2026-09-15,99.7,usd
c0311,2026-09-15,99.65,usd
c0335,2026-09-15,90.61,usd
c0346,2026-09-15,94.19,usd
c0359,2026-09-15,107.69,usd
c0300,2026-09-15,93.81,usd
c0332,2026-09-15,110.26,usd
c0375,2026-09-15,107.57,usd
c0354,2026-09-15,111.05,usd
c0284,2026-09-15,104.45,usd
c0289,2026-09-15,99.03,usd
c0370,2026-09-15,87.4,usd
c0356,2026-09-15,96.03,usd
c0321,2026-09-15,109.68,usd
c0287,2026-09-15,90.51,usd
c0286,2026-09-15,104.02,usd
c0299,2026-09-15,96.73,usd
c0352,2026-09-15,103.8,usd
c0366,2026-09-15,83.52,usd
c0331,2026-09-15,102.44,usd
c0364,2026-09-15,111.0,usd
c0285,2026-09-15,88.45,usd
c0344,2026-09-15,109.99,usd
c0323,2026-09-15,84.07,usd
c0288,2026-09-15,101.38,usd
c0301,2026-09-15,87.21,usd
c0319,2026-09-15,105.45,usd
c0373,2026-09-15,84.4,usd
c0336,2026-09-15,95.02,usd
c0314,2026-09-15,98.5,usd
c0315,2026-09-15,98.78,usd
c0327,2026-09-15,91.92,usd
c0376,2026-09-15,88.44,usd
c0303,2026-09-15,104.28,usd
c0293,2026-09-15,91.63,usd
c0383,2026-09-15,89.57,usd
c0278,2026-09-15,111.3,usd
c0351,2026-09-15,90.46,usd
c0353,2026-09-15,111.27,usd
c0363,2026-09-15,108.7,usd
c0326,2026-09-15,87.87,usd
c0305,2026-09-15,89.39,usd
c0379,2026-09-15,105.35,usd
c0339,2026-09-15,99.78,usd
c0372,2026-09-15,89.77,usd
c0324,2026-09-15,109.39,usd
c0341,2026-09-15,109.72,usd
c0338,2026-09-15,88.09,usd
c0292,2026-09-15,112.15,usd
c0312,2026-09-15,91.72,usd
c0360,2026-09-15,100.41,usd
c0355,2026-09-15,93.88,usd
c0274,2026-09-15,105.6,usd
c0348,2026-09-15,87.38,usd
c0347,2026-09-15,107.23,usd
c0361,2026-09-15,102.44,usd
c0362,2026-09-15,99.41,usd
c0306,2026-09-15,103.57,usd
c0314,2026-10-15,99.61,usd
c0372,2026-10-15,90.78,usd
c0297,2026-10-15,100.57,usd
c0301,2026-10-15,88.19,usd
c0305,2026-10-15,90.4,usd
c0332,2026-10-15,111.5,usd
c0320,2026-10-15,100.83,usd
c0285,2026-10-15,89.45,usd
c0345,2026-10-15,96.42,usd
c0298,2026-10-15,109.1,usd
c0327,2026-10-15,92.96,usd
c0275,2026-10-15,110.13,usd
c0330,2026-10-15,99.93,usd
c0383,2026-10-15,90.58,usd
c0362,2026-10-15,100.53,usd
c0295,2026-10-15,102.69,usd
c0319,2026-10-15,106.64,usd
c0287,2026-10-15,91.53,usd
c0276,2026-10-15,87.56,usd
c0344,2026-10-15,111.23,usd
c0346,2026-10-15,95.25,usd
c0331,2026-10-15,103.6,usd
c0286,2026-10-15,105.2,usd
c0333,2026-10-15,103.71,usd
c0302,2026-10-15,90.08,usd
c0323,2026-10-15,85.02,usd
c0360,2026-10-15,101.55,usd
c0296,2026-10-15,103.41,usd
c0379,2026-10-15,106.54,usd
c0325,2026-10-15,93.97,usd
c0378,2026-10-15,107.58,usd
c0363,2026-10-15,109.93,usd
c0374,2026-10-15,103.39,usd
c0350,2026-10-15,108.43,usd
c0375,2026-10-15,108.79,usd
c0356,2026-10-15,97.11,usd
c0368,2026-10-15,101.77,usd
c0377,2026-10-15,94.96,usd
c0282,2026-10-15,108.37,usd
c0328,2026-10-15,87.21,usd
c0288,2026-10-15,102.52,usd
c0335,2026-10-15,91.63,usd
c0322,2026-10-15,105.02,usd
c0381,2026-10-15,113.33,usd
c0291,2026-10-15,86.72,usd
c0294,2026-10-15,102.53,usd
c0376,2026-10-15,89.43,usd
c0361,2026-10-15,103.59,usd
c0307,2026-10-15,92.1,usd
c0304,2026-10-15,110.76,usd
c0316,2026-10-15,99.23,usd
c0365,2026-10-15,110.63,usd
c0334,2026-10-15,98.65,usd
c0277,2026-10-15,90.89,usd
c0343,2026-10-15,94.02,usd
c0357,2026-10-15,86.7,usd
c0306,2026-10-15,104.74,usd
c0347,2026-10-15,108.44,usd
c0303,2026-10-15,105.46,usd
c0315,2026-10-15,99.89,usd
c0336,2026-10-15,96.09,usd
c0359,2026-10-15,108.9,usd
c0309,2026-10-15,105.44,usd
c0355,2026-10-15,94.94,usd
c0382,2026-10-15,97.07,usd
c0358,2026-10-15,86.98,usd
c0367,2026-10-15,101.43,usd
c0317,2026-10-15,92.77,usd
c0274,2026-10-15,106.79,usd
c0341,2026-10-15,110.96,usd
c0353,2026-10-15,112.52,usd
c0280,2026-10-15,112.25,usd
c0338,2026-10-15,89.09,usd
c0279,2026-10-15,87.71,usd
c0364,2026-10-15,112.25,usd
c0352,2026-10-15,104.97,usd
c0354,2026-10-15,112.3,usd
c0371,2026-10-15,110.84,usd
c0351,2026-10-15,91.48,usd
c0380,2026-10-15,94.44,usd
c0289,2026-10-15,100.15,usd
c0369,2026-10-15,111.99,usd
c0300,2026-10-15,94.87,usd
c0348,2026-10-15,88.36,usd
c0349,2026-10-15,107.44,usd
c0366,2026-10-15,84.47,usd
c0313,2026-10-15,105.92,usd
c0308,2026-10-15,93.11,usd
c0290,2026-10-15,105.18,usd
c0281,2026-10-15,101.38,usd
c0430,2026-05-15,110.01,usd
c0482,2026-05-15,89.27,usd
c0440,2026-05-15,111.33,usd
c0462,2026-05-15,105.84,usd
c0441,2026-05-15,88.15,usd
c0438,2026-05-15,112.98,usd
c0436,2026-05-15,94.5,usd
c0444,2026-05-15,115.03,usd
c0433,2026-05-15,100.35,usd
c0402,2026-05-15,86.9,usd
c0487,2026-05-15,89.19,usd
c0481,2026-05-15,116.74,usd
c0457,2026-05-15,99.24,usd
c0472,2026-05-15,90.71,usd
c0415,2026-05-15,114.93,usd
c0425,2026-05-15,109.88,usd
c0435,2026-05-15,110.76,usd
c0394,2026-05-15,92.41,usd
c0414,2026-05-15,93.27,usd
c0426,2026-05-15,88.54,usd
c0480,2026-05-15,99.82,usd
c0406,2026-05-15,102.84,usd
c0496,2026-05-15,109.57,usd
c0432,2026-05-15,110.63,usd
c0455,2026-05-15,115.82,usd
c0409,2026-05-15,108.41,usd
c0470,2026-05-15,110.26,usd
c0439,2026-05-15,93.89,usd
c0497,2026-05-15,96.55,usd
c0489,2026-05-15,114.74,usd
c0400,2026-05-15,111.92,usd
c0420,2026-05-15,98.92,usd
c0392,2026-05-15,105.81,usd
c0490,2026-05-15,115.16,usd
c0486,2026-05-15,100.98,usd
c0434,2026-05-15,100.83,usd
c0473,2026-05-15,95.2,usd
c0461,2026-05-15,94.69,usd
c0492,2026-05-15,103.67,usd
c0447,2026-05-15,103.39,usd
c0478,2026-05-15,102.29,usd
c0384,2026-05-15,100.28,usd
c0477,2026-05-15,92.06,usd
c0450,2026-05-15,110.92,usd
c0407,2026-05-15,114.8,usd
c0445,2026-05-15,109.25,usd
c0491,2026-05-15,89.45,usd
c0413,2026-05-15,102.36,usd
c0405,2026-05-15,106.04,usd
c0495,2026-05-15,116.39,usd
c0494,2026-05-15,96.7,usd
c0448,2026-05-15,107.13,usd
c0460,2026-05-15,94.21,usd
c0471,2026-05-15,112.11,usd
c0398,2026-05-15,115.55,usd
c0476,2026-05-15,88.54,usd
c0485,2026-05-15,100.62,usd
c0421,2026-05-15,114.31,usd
c0466,2026-05-15,109.8,usd
c0451,2026-05-15,97.74,usd
c0396,2026-05-15,94.12,usd
c0488,2026-05-15,104.63,usd
c0412,2026-05-15,117.17,usd
c0469,2026-05-15,92.39,usd
c0442,2026-05-15,114.91,usd
c0446,2026-05-15,99.75,usd
c0458,2026-05-15,107.49,usd
c0389,2026-05-15,102.67,usd
c0475,2026-05-15,95.0,usd
c0483,2026-05-15,88.67,usd
c0428,2026-05-15,97.23,usd
c0390,2026-05-15,113.62,usd
c0429,2026-05-15,109.7,usd
c0453,2026-05-15,99.86,usd
c0386,2026-05-15,110.16,usd
c0410,2026-05-15,91.83,usd
c0467,2026-05-15,106.64,usd
c0393,2026-05-15,95.12,usd
c0484,2026-05-15,111.24,usd
c0449,2026-05-15,100.37,usd
c0464,2026-05-15,114.73,usd
c0401,2026-05-15,110.96,usd
c0399,2026-05-15,110.86,usd
c0417,2026-05-15,96.71,usd
c0431,2026-05-15,95.88,usd
c0463,2026-05-15,105.97,usd
c0479,2026-05-15,93.43,usd
c0404,2026-05-15,106.68,usd
c0387,2026-05-15,98.2,usd
c0456,2026-05-15,115.96,usd
c0388,2026-05-15,89.73,usd
c0427,2026-05-15,92.23,usd
c0422,2026-05-15,100.2,usd
c0391,2026-05-15,99.57,usd
c0459,2026-05-15,99.56,usd
c0423,2026-05-15,91.05,usd
c0465,2026-05-15,108.58,usd
c0397,2026-05-15,111.3,usd
c0437,2026-05-15,88.39,usd
c0468,2026-05-15,93.63,usd
c0493,2026-05-15,92.76,usd
c0411,2026-05-15,103.84,usd
c0385,2026-05-15,100.83,usd
c0403,2026-05-15,105.68,usd
c0424,2026-05-15,108.54,usd
c0443,2026-05-15,111.68,usd
c0498,2026-05-15,97.95,usd
c0416,2026-05-15,98.55,usd
c0454,2026-05-15,117.29,usd
c0418,2026-05-15,107.17,usd
c0452,2026-05-15,114.02,usd
c0408,2026-05-15,104.23,usd
c0395,2026-05-15,94.16,usd
c0474,2026-05-15,98.69,usd
c0419,2026-05-15,101.53,usd
c0480,2026-06-15,101.41,usd
c0400,2026-06-15,113.71,usd
c0386,2026-06-15,111.92,usd
c0465,2026-06-15,110.32,usd
c0466,2026-06-15,111.56,usd
c0418,2026-06-15,108.89,usd
c0426,2026-06-15,89.95,usd
c0420,2026-06-15,100.5,usd
c0397,2026-06-15,113.08,usd
c0419,2026-06-15,103.15,usd
c0412,2026-06-15,119.05,usd
c0385,2026-06-15,102.45,usd
c0429,2026-06-15,111.45,usd
c0475,2026-06-15,96.52,usd
c0457,2026-06-15,100.82,usd
c0474,2026-06-15,100.27,usd
c0453,2026-06-15,101.46,usd
c0449,2026-06-15,101.97,usd
c0399,2026-06-15,112.63,usd
c0492,2026-06-15,105.33,usd
c0425,2026-06-15,111.64,usd
c0442,2026-06-15,116.75,usd
c0483,2026-06-15,90.08,usd
c0414,2026-06-15,94.76,usd
c0395,2026-06-15,95.66,usd
c0439,2026-06-15,95.39,usd
c0447,2026-06-15,105.05,usd
c0459,2026-06-15,101.15,usd
c0472,2026-06-15,92.16,usd
c0408,2026-06-15,105.9,usd
c0441,2026-06-15,89.56,usd
c0387,2026-06-15,99.77,usd
c0486,2026-06-15,102.59,usd
c0415,2026-06-15,116.76,usd
c0437,2026-06-15,89.8,usd
c0440,2026-06-15,113.11,usd
c0445,2026-06-15,111.0,usd
c0396,2026-06-15,95.63,usd
c0456,2026-06-15,117.81,usd
c0487,2026-06-15,90.62,usd
c0455,2026-06-15,117.67,usd
c0454,2026-06-15,119.17,usd
c0491,2026-06-15,90.89,usd
c0390,2026-06-15,115.44,usd
c0446,2026-06-15,101.34,usd
c0468,2026-06-15,95.13,usd
c0388,2026-06-15,91.17,usd
c0495,2026-06-15,118.25,usd
c0406,2026-06-15,104.48,usd
c0389,2026-06-15,104.31,usd
c0394,2026-06-15,93.89,usd
c0443,2026-06-15,113.46,usd
c0471,2026-06-15,113.91,usd
c0467,2026-06-15,108.35,usd
c0423,2026-06-15,92.5,usd
c0427,2026-06-15,93.71,usd
c0482,2026-06-15,90.7,usd
c0496,2026-06-15,111.32,usd
c0497,2026-06-15,98.09,usd
c0433,2026-06-15,101.96,usd
c0407,2026-06-15,116.63,usd
c0410,2026-06-15,93.3,usd
c0384,2026-06-15,101.88,usd
c0431,2026-06-15,97.42,usd
c0460,2026-06-15,95.71,usd
c0416,2026-06-15,100.13,usd
c0432,2026-06-15,112.4,usd
c0398,2026-06-15,117.4,usd
c0478,2026-06-15,103.93,usd
c0421,2026-06-15,116.14,usd
c0494,2026-06-15,98.25,usd
c0458,2026-06-15,109.21,usd
c0409,2026-06-15,110.15,usd
c0450,2026-06-15,112.7,usd
c0411,2026-06-15,105.5,usd
c0401,2026-06-15,112.74,usd
c0403,2026-06-15,107.37,usd
c0477,2026-06-15,93.53,usd
c0464,2026-06-15,116.56,usd
c0451,2026-06-15,99.3,usd
c0489,2026-06-15,116.57,usd
c0434,2026-06-15,102.44,usd
c0479,2026-06-15,94.93,usd
c0430,2026-06-15,111.77,usd
c0490,2026-06-15,117.01,usd
c0493,2026-06-15,94.25,usd
c0444,2026-06-15,116.87,usd
c0448,2026-06-15,108.85,usd
c0485,2026-06-15,102.23,usd
c0392,2026-06-15,107.5,usd
c0452,2026-06-15,115.84,usd
c0469,2026-06-15,93.86,usd
c0461,2026-06-15,96.2,usd
c0481,2026-06-15,118.61,usd
c0470,2026-06-15,112.02,usd
c0438,2026-06-15,114.79,usd
c0473,2026-06-15,96.72,usd
c0484,2026-06-15,113.02,usd
c0476,2026-06-15,89.95,usd
c0402,2026-06-15,88.29,usd
c0488,2026-06-15,106.31,usd
c0404,2026-06-15,108.38,usd
c0391,2026-06-15,101.17,usd
c0462,2026-06-15,107.54,usd
c0413,2026-06-15,104.0,usd
c0428,2026-06-15,98.79,usd
c0417,2026-06-15,98.26,usd
c0424,2026-06-15,110.28,usd
c0423,2026-07-15,93.6,usd
c0420,2026-07-15,101.69,usd
c0385,2026-07-15,103.66,usd
c0498,2026-07-15,100.69,usd
c0446,2026-07-15,102.54,usd
c0419,2026-07-15,104.37,usd
c0422,2026-07-15,103.0,usd
c0479,2026-07-15,96.05,usd
c0449,2026-07-15,103.18,usd
c0465,2026-07-15,111.62,usd
c0440,2026-07-15,114.44,usd
c0453,2026-07-15,102.66,usd
c0495,2026-07-15,119.65,usd
c0447,2026-07-15,106.29,usd
c0393,2026-07-15,97.79,usd
c0436,2026-07-15,97.14,usd
c0458,2026-07-15,110.5,usd
c0411,2026-07-15,106.75,usd
c0463,2026-07-15,108.94,usd
c0485,2026-07-15,103.44,usd
c0475,2026-07-15,97.66,usd
c0468,2026-07-15,96.25,usd
c0384,2026-07-15,103.09,usd
c0399,2026-07-15,113.96,usd
c0387,2026-07-15,100.95,usd
c0478,2026-07-15,105.15,usd
c0472,2026-07-15,93.25,usd
c0456,2026-07-15,119.21,usd
c0386,2026-07-15,113.24,usd
c0431,2026-07-15,98.57,usd
c0464,2026-07-15,117.94,usd
c0424,2026-07-15,111.58,usd
c0490,2026-07-15,118.39,usd
c0403,2026-07-15,108.64,usd
c0428,2026-07-15,99.95,usd
c0426,2026-07-15,91.01,usd
c0391,2026-07-15,102.36,usd
c0410,2026-07-15,94.41,usd
c0394,2026-07-15,95.0,usd
c0477,2026-07-15,94.64,usd
c0434,2026-07-15,103.65,usd
c0480,2026-07-15,102.61,usd
c0432,2026-07-15,113.73,usd
c0486,2026-07-15,103.81,usd
c0487,2026-07-15,91.69,usd
c0441,2026-07-15,90.62,usd
c0437,2026-07-15,90.86,usd
c0408,2026-07-15,107.15,usd
c0435,2026-07-15,113.87,usd
c0414,2026-07-15,95.88,usd
c0405,2026-07-15,109.01,usd
c0482,2026-07-15,91.77,usd
c0467,2026-07-15,109.63,usd
c0489,2026-07-15,117.95,usd
c0406,2026-07-15,105.72,usd
c0474,2026-07-15,101.45,usd
c0400,2026-07-15,115.05,usd
c0390,2026-07-15,116.8,usd
c0417,2026-07-15,99.42,usd
c0412,2026-07-15,120.46,usd
c0442,2026-07-15,118.13,usd
c0484,2026-07-15,114.36,usd
c0398,2026-07-15,118.79,usd
c0473,2026-07-15,97.87,usd
c0457,2026-07-15,102.02,usd
c0450,2026-07-15,114.03,usd
c0421,2026-07-15,117.51,usd
c0430,2026-07-15,113.09,usd
c0388,2026-07-15,92.25,usd
c0483,2026-07-15,91.15,usd
c0409,2026-07-15,111.45,usd
c0469,2026-07-15,94.97,usd
c0402,2026-07-15,89.33,usd
c0491,2026-07-15,91.96,usd
c0416,2026-07-15,101.31,usd
c0496,2026-07-15,112.64,usd
c0389,2026-07-15,105.54,usd
c0429,2026-07-15,112.77,usd
c0492,2026-07-15,106.58,usd
c0459,2026-07-15,102.35,usd
c0427,2026-07-15,94.81,usd
c0444,2026-07-15,118.25,usd
c0455,2026-07-15,119.06,usd
c0407,2026-07-15,118.01,usd
c0396,2026-07-15,96.76,usd
c0488,2026-07-15,107.56,usd
c0448,2026-07-15,110.13,usd
c0443,2026-07-15,114.8,usd
c0425,2026-07-15,112.96,usd
c0392,2026-07-15,108.77,usd
c0397,2026-07-15,114.42,usd
c0445,2026-07-15,112.31,usd
c0497,2026-07-15,99.25,usd
c0461,2026-07-15,97.34,usd
c0439,2026-07-15,96.52,usd
c0481,2026-07-15,120.01,usd
c0494,2026-07-15,99.41,usd
c0476,2026-07-15,91.02,usd
c0452,2026-07-15,117.21,usd
c0413,2026-07-15,105.22,usd
c0451,2026-07-15,100.47,usd
c0470,2026-07-15,113.34,usd
c0433,2026-07-15,103.16,usd
c0471,2026-07-15,115.25,usd
c0454,2026-08-15,121.98,usd
c0438,2026-08-15,117.5,usd
c0415,2026-08-15,119.52,usd
c0394,2026-08-15,96.11,usd
c0434,2026-08-15,104.86,usd
c0470,2026-08-15,114.67,usd
c0416,2026-08-15,102.5,usd
c0435,2026-08-15,115.19,usd
c0458,2026-08-15,111.79,usd
c0478,2026-08-15,106.38,usd
c0423,2026-08-15,94.69,usd
c0403,2026-08-15,109.91,usd
c0442,2026-08-15,119.51,usd
c0483,2026-08-15,92.21,usd
c0482,2026-08-15,92.85,usd
c0497,2026-08-15,100.41,usd
c0492,2026-08-15,107.82,usd
c0417,2026-08-15,100.58,usd
c0430,2026-08-15,114.41,usd
c0447,2026-08-15,107.53,usd
c0401,2026-08-15,115.4,usd
c0490,2026-08-15,119.77,usd
c0391,2026-08-15,103.56,usd
c0422,2026-08-15,104.21,usd
c0479,2026-08-15,97.17,usd
c0428,2026-08-15,101.12,usd
c0462,2026-08-15,110.08,usd
c0477,2026-08-15,95.74,usd
c0460,2026-08-15,97.97,usd
c0464,2026-08-15,119.31,usd
c0485,2026-08-15,104.65,usd
c0461,2026-08-15,98.48,usd
c0475,2026-08-15,98.8,usd
c0437,2026-08-15,91.92,usd
c0493,2026-08-15,96.47,usd
c0424,2026-08-15,112.88,usd
c0386,2026-08-15,114.56,usd
c0384,2026-08-15,104.29,usd
c0453,2026-08-15,103.86,usd
c0390,2026-08-15,118.16,usd
c0407,2026-08-15,119.39,usd
c0429,2026-08-15,114.09,usd
c0412,2026-08-15,121.86,usd
c0404,2026-08-15,110.95,usd
c0467,2026-08-15,110.91,usd
c0456,2026-08-15,120.6,usd
c0432,2026-08-15,115.05,usd
c0399,2026-08-15,115.29,usd
c0498,2026-08-15,101.87,usd
c0440,2026-08-15,115.78,usd
c0427,2026-08-15,95.92,usd
c0449,2026-08-15,104.38,usd
c0385,2026-08-15,104.87,usd
c0487,2026-08-15,92.76,usd
c0484,2026-08-15,115.69,usd
c0451,2026-08-15,101.65,usd
c0441,2026-08-15,91.68,usd
c0444,2026-08-15,119.63,usd
c0489,2026-08-15,119.32,usd
c0450,2026-08-15,115.36,usd
c0436,2026-08-15,98.28,usd
c0448,2026-08-15,111.42,usd
c0405,2026-08-15,110.28,usd
c0388,2026-08-15,93.32,usd
c0425,2026-08-15,114.27,usd
c0419,2026-08-15,105.59,usd
c0457,2026-08-15,103.21,usd
c0421,2026-08-15,118.88,usd
c0496,2026-08-15,113.95,usd
c0389,2026-08-15,106.77,usd
c0414,2026-08-15,97.0,usd
c0445,2026-08-15,113.62,usd
c0486,2026-08-15,105.02,usd
c0494,2026-08-15,100.57,usd
c0402,2026-08-15,90.38,usd
c0443,2026-08-15,116.14,usd
c0398,2026-08-15,120.18,usd
c0406,2026-08-15,106.95,usd
c0474,2026-08-15,102.64,usd
c0491,2026-08-15,93.03,usd
c0455,2026-08-15,120.45,usd
c0400,2026-08-15,116.39,usd
c0408,2026-08-15,108.4,usd
c0396,2026-08-15,97.89,usd
c0469,2026-08-15,96.08,usd
c0410,2026-08-15,95.51,usd
c0409,2026-08-15,112.75,usd
c0413,2026-08-15,106.45,usd
c0471,2026-08-15,116.6,usd
c0468,2026-08-15,97.38,usd
c0495,2026-08-15,121.04,usd
c0426,2026-08-15,92.08,usd
c0465,2026-08-15,112.92,usd
c0392,2026-08-15,110.04,usd
c0393,2026-08-15,98.93,usd
c0433,2026-08-15,104.36,usd
c0446,2026-08-15,103.74,usd
c0397,2026-08-15,115.75,usd
c0395,2026-08-15,97.92,usd
c0439,2026-08-15,97.64,usd
c0420,2026-08-15,102.88,usd
c0484,2026-09-15,117.03,usd
c0445,2026-09-15,114.93,usd
c0481,2026-09-15,122.81,usd
c0453,2026-09-15,105.06,usd
c0471,2026-09-15,117.94,usd
c0466,2026-09-15,115.51,usd
c0463,2026-09-15,111.48,usd
c0467,2026-09-15,112.19,usd
c0411,2026-09-15,109.24,usd
c0407,2026-09-15,120.77,usd
c0401,2026-09-15,116.73,usd
c0496,2026-09-15,115.27,usd
c0439,2026-09-15,98.77,usd
c0462,2026-09-15,111.35,usd
c0409,2026-09-15,114.05,usd
c0433,2026-09-15,105.57,usd
c0384,2026-09-15,105.49,usd
c0458,2026-09-15,113.08,usd
c0412,2026-09-15,123.27,usd
c0419,2026-09-15,106.81,usd
c0396,2026-09-15,99.02,usd
c0489,2026-09-15,120.7,usd
c0488,2026-09-15,110.07,usd
c0448,2026-09-15,112.7,usd
c0397,2026-09-15,117.09,usd
c0465,2026-09-15,114.23,usd
c0483,2026-09-15,93.28,usd
c0418,2026-09-15,112.74,usd
c0391,2026-09-15,104.75,usd
c0410,2026-09-15,96.61,usd
c0440,2026-09-15,117.12,usd
c0443,2026-09-15,117.49,usd
c0389,2026-09-15,108.0,usd
c0416,2026-09-15,103.68,usd
c0424,2026-09-15,114.19,usd
c0431,2026-09-15,100.87,usd
c0469,2026-09-15,97.19,usd
c0420,2026-09-15,104.07,usd
c0447,2026-09-15,108.77,usd
c0485,2026-09-15,105.86,usd
c0425,2026-09-15,115.59,usd
c0427,2026-09-15,97.03,usd
c0385,2026-09-15,106.08,usd
c0415,2026-09-15,120.9,usd
c0480,2026-09-15,105.01,usd
c0486,2026-09-15,106.23,usd
c0423,2026-09-15,95.78,usd
c0487,2026-09-15,93.83,usd
c0449,2026-09-15,105.58,usd
c0403,2026-09-15,111.18,usd
c0426,2026-09-15,93.14,usd
c0428,2026-09-15,102.29,usd
c0422,2026-09-15,105.41,usd
c0432,2026-09-15,116.38,usd
c0444,2026-09-15,121.01,usd
c0386,2026-09-15,115.88,usd
c0394,2026-09-15,97.21,usd
c0491,2026-09-15,94.11,usd
c0474,2026-09-15,103.82,usd
c0417,2026-09-15,101.74,usd
c0495,2026-09-15,122.44,usd
c0395,2026-09-15,99.05,usd
c0400,2026-09-15,117.74,usd
c0404,2026-09-15,112.23,usd
c0446,2026-09-15,104.93,usd
c0437,2026-09-15,92.99,usd
c0413,2026-09-15,107.68,usd
c0459,2026-09-15,104.74,usd
c0457,2026-09-15,104.4,usd
c0451,2026-09-15,102.82,usd
c0455,2026-09-15,121.84,usd
c0461,2026-09-15,99.61,usd
c0460,2026-09-15,99.1,usd
c0479,2026-09-15,98.29,usd
c0388,2026-09-15,94.4,usd
c0414,2026-09-15,98.12,usd
c0421,2026-09-15,120.25,usd
c0450,2026-09-15,116.69,usd
c0456,2026-09-15,121.99,usd
c0492,2026-09-15,109.07,usd
c0493,2026-09-15,97.58,usd
c0438,2026-09-15,118.85,usd
c0406,2026-09-15,108.19,usd
c0441,2026-09-15,92.74,usd
c0452,2026-09-15,119.94,usd
c0468,2026-09-15,98.5,usd
c0390,2026-09-15,119.53,usd
c0478,2026-09-15,107.61,usd
c0475,2026-09-15,99.94,usd
c0408,2026-09-15,109.65,usd
c0472,2026-09-15,95.42,usd
c0477,2026-09-15,96.85,usd
c0470,2026-09-15,115.99,usd
c0473,2026-09-15,100.15,usd
c0387,2026-09-15,103.31,usd
c0454,2026-09-15,123.39,usd
c0490,2026-09-15,121.15,usd
c0399,2026-09-15,116.62,usd
c0402,2026-09-15,91.42,usd
c0436,2026-10-15,100.54,usd
c0471,2026-10-15,119.29,usd
c0451,2026-10-15,103.99,usd
c0385,2026-10-15,107.29,usd
c0460,2026-10-15,100.24,usd
c0432,2026-10-15,117.71,usd
c0498,2026-10-15,104.22,usd
c0487,2026-10-15,94.9,usd
c0465,2026-10-15,115.53,usd
c0400,2026-10-15,119.08,usd
c0434,2026-10-15,107.28,usd
c0493,2026-10-15,98.7,usd
c0399,2026-10-15,117.95,usd
c0480,2026-10-15,106.21,usd
c0482,2026-10-15,94.99,usd
c0421,2026-10-15,121.62,usd
c0394,2026-10-15,98.32,usd
c0447,2026-10-15,110.01,usd
c0441,2026-10-15,93.79,usd
c0454,2026-10-15,124.8,usd
c0408,2026-10-15,110.9,usd
c0476,2026-10-15,94.2,usd
c0388,2026-10-15,95.48,usd
c0455,2026-10-15,123.23,usd
c0461,2026-10-15,100.75,usd
c0404,2026-10-15,113.51,usd
c0467,2026-10-15,113.46,usd
c0416,2026-10-15,104.86,usd
c0414,2026-10-15,99.24,usd
c0395,2026-10-15,100.18,usd
c0428,2026-10-15,103.45,usd
c0472,2026-10-15,96.51,usd
c0384,2026-10-15,106.7,usd
c0474,2026-10-15,105.01,usd
c0473,2026-10-15,101.29,usd
c0437,2026-10-15,94.05,usd
c0479,2026-10-15,99.41,usd
c0413,2026-10-15,108.91,usd
c0439,2026-10-15,99.9,usd
c0492,2026-10-15,110.31,usd
c0406,2026-10-15,109.42,usd
c0433,2026-10-15,106.77,usd
c0485,2026-10-15,107.06,usd
c0470,2026-10-15,117.31,usd
c0459,2026-10-15,105.93,usd
c0402,2026-10-15,92.46,usd
c0463,2026-10-15,112.76,usd
c0435,2026-10-15,117.85,usd
c0410,2026-10-15,97.71,usd
c0387,2026-10-15,104.49,usd
c0440,2026-10-15,118.45,usd
c0389,2026-10-15,109.24,usd
c0429,2026-10-15,116.72,usd
c0390,2026-10-15,120.89,usd
c0425,2026-10-15,116.91,usd
c0445,2026-10-15,116.24,usd
c0458,2026-10-15,114.37,usd
c0464,2026-10-15,122.07,usd
c0392,2026-10-15,112.58,usd
c0411,2026-10-15,110.49,usd
c0426,2026-10-15,94.2,usd
c0453,2026-10-15,106.25,usd
c0409,2026-10-15,115.35,usd
c0489,2026-10-15,122.08,usd
c0418,2026-10-15,114.03,usd
c0443,2026-10-15,118.83,usd
c0486,2026-10-15,107.44,usd
c0452,2026-10-15,121.31,usd
c0403,2026-10-15,112.45,usd
c0393,2026-10-15,101.21,usd
c0462,2026-10-15,112.62,usd
c0475,2026-10-15,101.08,usd
c0422,2026-10-15,106.61,usd
c0396,2026-10-15,100.15,usd
c0423,2026-10-15,96.87,usd
c0424,2026-10-15,115.49,usd
c0490,2026-10-15,122.54,usd
c0391,2026-10-15,105.95,usd
c0478,2026-10-15,108.84,usd
c0457,2026-10-15,105.59,usd
c0430,2026-10-15,117.05,usd
c0427,2026-10-15,98.13,usd
c0468,2026-10-15,99.62,usd
c0469,2026-10-15,98.3,usd
c0386,2026-10-15,117.21,usd
c0481,2026-10-15,124.21,usd
c0456,2026-10-15,123.38,usd
c0477,2026-10-15,97.95,usd
c0488,2026-10-15,111.33,usd
c0405,2026-10-15,112.82,usd
c0496,2026-10-15,116.58,usd
c0495,2026-10-15,123.84,usd
c0398,2026-10-15,122.95,usd
c0483,2026-10-15,94.34,usd
c0494,2026-10-15,102.89,usd
c0444,2026-10-15,122.39,usd
c0419,2026-10-15,108.02,usd
c0622,2026-06-15,97.58,usd
c0513,2026-06-15,108.98,usd
c0519,2026-06-15,85.51,usd
c0552,2026-06-15,108.54,usd
c0523,2026-06-15,97.26,usd
c0520,2026-06-15,102.68,usd
c0556,2026-06-15,94.73,usd
c0577,2026-06-15,105.22,usd
c0545,2026-06-15,87.76,usd
c0515,2026-06-15,94.53,usd
c0614,2026-06-15,98.5,usd
c0534,2026-06-15,87.93,usd
c0626,2026-06-15,90.04,usd
c0604,2026-06-15,102.61,usd
c0499,2026-06-15,111.83,usd
c0589,2026-06-15,106.61,usd
c0584,2026-06-15,110.81,usd
c0522,2026-06-15,111.35,usd
c0500,2026-06-15,102.42,usd
c0521,2026-06-15,112.21,usd
c0512,2026-06-15,101.67,usd
c0619,2026-06-15,98.68,usd
c0502,2026-06-15,87.64,usd
c0600,2026-06-15,101.67,usd
c0602,2026-06-15,101.82,usd
c0546,2026-06-15,105.57,usd
c0555,2026-06-15,113.5,usd
c0618,2026-06-15,95.21,usd
c0557,2026-06-15,89.19,usd
c0550,2026-06-15,86.57,usd
c0549,2026-06-15,95.54,usd
c0570,2026-06-15,88.29,usd
c0596,2026-06-15,114.89,usd
c0587,2026-06-15,85.35,usd
c0508,2026-06-15,95.95,usd
c0510,2026-06-15,110.2,usd
c0586,2026-06-15,87.32,usd
c0597,2026-06-15,96.24,usd
c0501,2026-06-15,94.92,usd
c0536,2026-06-15,92.75,usd
c0599,2026-06-15,111.27,usd
c0543,2026-06-15,102.91,usd
c0529,2026-06-15,96.41,usd
c0528,2026-06-15,108.7,usd
c0535,2026-06-15,114.06,usd
c0517,2026-06-15,102.05,usd
c0581,2026-06-15,105.55,usd
c0610,2026-06-15,113.42,usd
c0505,2026-06-15,89.8,usd
c0616,2026-06-15,101.43,usd
c0561,2026-06-15,98.58,usd
c0598,2026-06-15,99.2,usd
c0524,2026-06-15,105.59,usd
c0612,2026-06-15,93.25,usd
c0530,2026-06-15,90.28,usd
c0542,2026-06-15,109.11,usd
c0590,2026-06-15,113.64,usd
c0623,2026-06-15,98.71,usd
c0606,2026-06-15,99.44,usd
c0525,2026-06-15,98.95,usd
c0514,2026-06-15,114.35,usd
c0608,2026-06-15,97.56,usd
c0527,2026-06-15,109.08,usd
c0559,2026-06-15,103.21,usd
c0578,2026-06-15,86.95,usd
c0518,2026-06-15,102.72,usd
c0617,2026-06-15,85.39,usd
c0595,2026-06-15,88.62,usd
c0507,2026-06-15,97.37,usd
c0526,2026-06-15,90.6,usd
c0553,2026-06-15,97.87,usd
c0615,2026-06-15,113.81,usd
c0554,2026-06-15,92.61,usd
c0509,2026-06-15,94.06,usd
c0564,2026-06-15,104.4,usd
c0625,2026-06-15,107.86,usd
c0544,2026-06-15,111.67,usd
c0511,2026-06-15,111.68,usd
c0538,2026-06-15,112.32,usd
c0548,2026-06-15,98.9,usd
c0574,2026-06-15,111.86,usd
c0609,2026-06-15,114.05,usd
c0580,2026-06-15,109.38,usd
c0532,2026-06-15,97.97,usd
c0582,2026-06-15,112.87,usd
c0573,2026-06-15,101.84,usd
c0568,2026-06-15,95.36,usd
c0506,2026-06-15,105.28,usd
c0504,2026-06-15,94.51,usd
c0591,2026-06-15,85.18,usd
c0541,2026-06-15,87.99,usd
c0588,2026-06-15,92.1,usd
c0551,2026-06-15,101.44,usd
c0531,2026-06-15,111.32,usd
c0572,2026-06-15,105.06,usd
c0571,2026-06-15,98.94,usd
c0621,2026-06-15,112.61,usd
c0613,2026-06-15,109.65,usd
c0566,2026-06-15,114.95,usd
c0533,2026-06-15,105.99,usd
c0607,2026-06-15,97.82,usd
c0603,2026-06-15,90.62,usd
c0560,2026-06-15,92.93,usd
c0558,2026-06-15,93.52,usd
c0611,2026-06-15,103.76,usd
c0562,2026-06-15,103.77,usd
c0569,2026-06-15,99.69,usd
c0547,2026-06-15,107.88,usd
c0624,2026-06-15,92.76,usd
c0592,2026-06-15,95.81,usd
c0583,2026-06-15,112.47,usd
c0585,2026-06-15,92.85,usd
c0594,2026-06-15,87.5,usd
c0540,2026-06-15,100.58,usd
c0593,2026-06-15,103.63,usd
c0503,2026-06-15,107.8,usd
c0563,2026-06-15,94.05,usd
c0565,2026-06-15,114.74,usd
c0537,2026-06-15,103.07,usd
c0539,2026-06-15,85.1,usd
c0579,2026-06-15,87.72,usd
c0567,2026-06-15,109.01,usd
c0605,2026-06-15,105.0,usd
c0576,2026-06-15,95.15,usd
c0601,2026-06-15,93.01,usd
c0516,2026-06-15,104.99,usd
c0620,2026-06-15,101.8,usd
c0575,2026-06-15,100.71,usd
c0531,2026-07-15,113.21,usd
c0510,2026-07-15,112.07,usd
c0558,2026-07-15,95.11,usd
c0598,2026-07-15,100.88,usd
c0586,2026-07-15,88.8,usd
c0575,2026-07-15,102.42,usd
c0603,2026-07-15,92.16,usd
c0522,2026-07-15,113.25,usd
c0617,2026-07-15,86.84,usd
c0534,2026-07-15,89.42,usd
c0509,2026-07-15,95.66,usd
c0571,2026-07-15,100.62,usd
c0508,2026-07-15,97.59,usd
c0566,2026-07-15,116.9,usd
c0624,2026-07-15,94.33,usd
c0577,2026-07-15,107.01,usd
c0564,2026-07-15,106.18,usd
c0547,2026-07-15,109.71,usd
c0538,2026-07-15,114.23,usd
c0591,2026-07-15,86.63,usd
c0539,2026-07-15,86.55,usd
c0582,2026-07-15,114.79,usd
c0622,2026-07-15,99.24,usd
c0606,2026-07-15,101.13,usd
c0513,2026-07-15,110.83,usd
c0501,2026-07-15,96.54,usd
c0576,2026-07-15,96.76,usd
c0599,2026-07-15,113.16,usd
c0618,2026-07-15,96.83,usd
c0601,2026-07-15,94.59,usd
c0579,2026-07-15,89.22,usd
c0621,2026-07-15,114.52,usd
c0555,2026-07-15,115.42,usd
c0542,2026-07-15,110.96,usd
c0611,2026-07-15,105.52,usd
c0518,2026-07-15,104.47,usd
c0562,2026-07-15,105.54,usd
c0615,2026-07-15,115.74,usd
c0549,2026-07-15,97.17,usd
c0595,2026-07-15,90.13,usd
c0588,2026-07-15,93.67,usd
c0607,2026-07-15,99.48,usd
c0574,2026-07-15,113.76,usd
c0527,2026-07-15,110.94,usd
c0516,2026-07-15,106.77,usd
c0561,2026-07-15,100.26,usd
c0512,2026-07-15,103.4,usd
c0519,2026-07-15,86.97,usd
c0584,2026-07-15,112.7,usd
c0525,2026-07-15,100.64,usd
c0521,2026-07-15,114.12,usd
c0565,2026-07-15,116.69,usd
c0556,2026-07-15,96.34,usd
c0529,2026-07-15,98.05,usd
c0602,2026-07-15,103.55,usd
c0572,2026-07-15,106.85,usd
c0592,2026-07-15,97.44,usd
c0610,2026-07-15,115.35,usd
c0515,2026-07-15,96.14,usd
c0580,2026-07-15,111.24,usd
c0543,2026-07-15,104.66,usd
c0520,2026-07-15,104.43,usd
c0500,2026-07-15,104.16,usd
c0540,2026-07-15,102.29,usd
c0532,2026-07-15,99.64,usd
c0545,2026-07-15,89.26,usd
c0553,2026-07-15,99.53,usd
c0504,2026-07-15,96.11,usd
c0589,2026-07-15,108.42,usd
c0573,2026-07-15,103.57,usd
c0557,2026-07-15,90.7,usd
c0600,2026-07-15,103.4,usd
c0546,2026-07-15,107.37,usd
c0514,2026-07-15,116.29,usd
c0593,2026-07-15,105.39,usd
c0619,2026-07-15,100.35,usd
c0614,2026-07-15,100.18,usd
c0530,2026-07-15,91.82,usd
c0533,2026-07-15,107.79,usd
c0585,2026-07-15,94.43,usd
c0623,2026-07-15,100.39,usd
c0511,2026-07-15,113.57,usd
c0548,2026-07-15,100.58,usd
c0507,2026-07-15,99.02,usd
c0502,2026-07-15,89.13,usd
c0524,2026-07-15,107.38,usd
c0596,2026-07-15,116.85,usd
c0613,2026-07-15,111.51,usd
c0535,2026-07-15,116.0,usd
c0570,2026-07-15,89.79,usd
c0597,2026-07-15,97.88,usd
c0612,2026-07-15,94.83,usd
c0523,2026-07-15,98.92,usd
c0581,2026-07-15,107.34,usd
c0568,2026-07-15,96.99,usd
c0608,2026-07-15,99.21,usd
c0569,2026-07-15,101.38,usd
c0625,2026-07-15,109.69,usd
c0536,2026-07-15,94.32,usd
c0583,2026-07-15,114.39,usd
c0554,2026-07-15,94.19,usd
c0594,2026-07-15,88.99,usd
c0552,2026-07-15,110.39,usd
c0550,2026-07-15,88.05,usd
c0587,2026-07-15,86.8,usd
c0551,2026-07-15,103.17,usd
c0559,2026-07-15,104.97,usd
c0609,2026-07-15,115.98,usd
c0560,2026-07-15,94.51,usd
c0517,2026-07-15,103.79,usd
c0590,2026-07-15,115.57,usd
c0503,2026-07-15,109.63,usd
c0499,2026-07-15,113.73,usd
c0620,2026-07-15,103.53,usd
c0604,2026-07-15,104.36,usd
c0541,2026-07-15,89.49,usd
c0626,2026-07-15,91.57,usd
c0605,2026-07-15,106.78,usd
c0567,2026-07-15,110.86,usd
c0578,2026-07-15,88.43,usd
c0528,2026-07-15,110.54,usd
c0570,2026-08-15,90.85,usd
c0512,2026-08-15,104.62,usd
c0538,2026-08-15,115.58,usd
c0577,2026-08-15,108.27,usd
c0626,2026-08-15,92.65,usd
c0534,2026-08-15,90.47,usd
c0620,2026-08-15,104.75,usd
c0582,2026-08-15,116.14,usd
c0588,2026-08-15,94.77,usd
c0507,2026-08-15,100.19,usd
c0599,2026-08-15,114.49,usd
c0618,2026-08-15,97.98,usd
c0501,2026-08-15,97.68,usd
c0549,2026-08-15,98.31,usd
c0613,2026-08-15,112.83,usd
c0559,2026-08-15,106.21,usd
c0505,2026-08-15,92.4,usd
c0550,2026-08-15,89.08,usd
c0540,2026-08-15,103.5,usd
c0528,2026-08-15,111.85,usd
c0619,2026-08-15,101.54,usd
c0568,2026-08-15,98.13,usd
c0510,2026-08-15,113.4,usd
c0580,2026-08-15,112.56,usd
c0614,2026-08-15,101.36,usd
c0522,2026-08-15,114.58,usd
c0536,2026-08-15,95.44,usd
c0548,2026-08-15,101.77,usd
c0508,2026-08-15,98.74,usd
c0547,2026-08-15,111.01,usd
c0564,2026-08-15,107.43,usd
c0502,2026-08-15,90.19,usd
c0562,2026-08-15,106.78,usd
c0554,2026-08-15,95.3,usd
c0604,2026-08-15,105.59,usd
c0563,2026-08-15,96.78,usd
c0515,2026-08-15,97.28,usd
c0545,2026-08-15,90.31,usd
c0544,2026-08-15,114.91,usd
c0612,2026-08-15,95.95,usd
c0509,2026-08-15,96.79,usd
c0578,2026-08-15,89.47,usd
c0583,2026-08-15,115.74,usd
c0541,2026-08-15,90.55,usd
c0572,2026-08-15,108.11,usd
c0542,2026-08-15,112.27,usd
c0539,2026-08-15,87.57,usd
c0581,2026-08-15,108.61,usd
c0524,2026-08-15,108.65,usd
c0527,2026-08-15,112.25,usd
c0591,2026-08-15,87.65,usd
c0573,2026-08-15,104.79,usd
c0601,2026-08-15,95.71,usd
c0597,2026-08-15,99.03,usd
c0617,2026-08-15,87.86,usd
c0514,2026-08-15,117.66,usd
c0518,2026-08-15,105.7,usd
c0616,2026-08-15,104.37,usd
c0608,2026-08-15,100.38,usd
c0543,2026-08-15,105.9,usd
c0555,2026-08-15,116.79,usd
c0499,2026-08-15,115.07,usd
c0589,2026-08-15,109.7,usd
c0558,2026-08-15,96.23,usd
c0593,2026-08-15,106.63,usd
c0516,2026-08-15,108.03,usd
c0532,2026-08-15,100.81,usd
c0586,2026-08-15,89.85,usd
c0566,2026-08-15,118.28,usd
c0523,2026-08-15,100.09,usd
c0605,2026-08-15,108.04,usd
c0609,2026-08-15,117.35,usd
c0600,2026-08-15,104.62,usd
c0576,2026-08-15,97.91,usd
c0526,2026-08-15,93.23,usd
c0611,2026-08-15,106.77,usd
c0574,2026-08-15,115.11,usd
c0621,2026-08-15,115.87,usd
c0603,2026-08-15,93.24,usd
c0615,2026-08-15,117.11,usd
c0533,2026-08-15,109.06,usd
c0513,2026-08-15,112.14,usd
c0622,2026-08-15,100.41,usd
c0535,2026-08-15,117.37,usd
c0584,2026-08-15,114.03,usd
c0598,2026-08-15,102.07,usd
c0504,2026-08-15,97.25,usd
c0567,2026-08-15,112.17,usd
c0520,2026-08-15,105.66,usd
c0517,2026-08-15,105.01,usd
c0625,2026-08-15,110.99,usd
c0602,2026-08-15,104.77,usd
c0571,2026-08-15,101.8,usd
c0519,2026-08-15,87.99,usd
c0610,2026-08-15,116.71,usd
c0500,2026-08-15,105.39,usd
c0592,2026-08-15,98.59,usd
c0579,2026-08-15,90.27,usd
c0575,2026-08-15,103.63,usd
c0595,2026-08-15,91.19,usd
c0506,2026-08-15,108.34,usd
c0552,2026-08-15,111.69,usd
c0537,2026-08-15,106.06,usd
c0587,2026-08-15,87.83,usd
c0529,2026-08-15,99.21,usd
c0557,2026-08-15,91.78,usd
c0623,2026-08-15,101.57,usd
c0546,2026-08-15,108.64,usd
c0553,2026-08-15,100.71,usd
c0521,2026-08-15,115.47,usd
c0569,2026-08-15,102.58,usd
c0560,2026-08-15,95.63,usd
c0624,2026-08-15,95.45,usd
c0585,2026-08-15,95.55,usd
c0531,2026-08-15,114.54,usd
c0525,2026-08-15,101.82,usd
c0554,2026-09-15,96.41,usd
c0579,2026-09-15,91.32,usd
c0613,2026-09-15,114.14,usd
c0591,2026-09-15,88.67,usd
c0612,2026-09-15,97.07,usd
c0584,2026-09-15,115.36,usd
c0581,2026-09-15,109.88,usd
c0588,2026-09-15,95.88,usd
c0506,2026-09-15,109.6,usd
c0528,2026-09-15,113.15,usd
c0562,2026-09-15,108.03,usd
c0508,2026-09-15,99.89,usd
c0548,2026-09-15,102.95,usd
c0544,2026-09-15,116.25,usd
c0542,2026-09-15,113.58,usd
c0589,2026-09-15,110.98,usd
c0575,2026-09-15,104.84,usd
c0567,2026-09-15,113.48,usd
c0510,2026-09-15,114.72,usd
c0617,2026-09-15,88.89,usd
c0526,2026-09-15,94.32,usd
c0603,2026-09-15,94.33,usd
c0541,2026-09-15,91.6,usd
c0514,2026-09-15,119.04,usd
c0611,2026-09-15,108.01,usd
c0533,2026-09-15,110.34,usd
c0557,2026-09-15,92.85,usd
c0587,2026-09-15,88.85,usd
c0605,2026-09-15,109.3,usd
c0522,2026-09-15,115.92,usd
c0601,2026-09-15,96.82,usd
c0615,2026-09-15,118.48,usd
c0586,2026-09-15,90.9,usd
c0550,2026-09-15,90.12,usd
c0551,2026-09-15,105.6,usd
c0507,2026-09-15,101.36,usd
c0596,2026-09-15,119.6,usd
c0503,2026-09-15,112.22,usd
c0517,2026-09-15,106.24,usd
c0520,2026-09-15,106.89,usd
c0619,2026-09-15,102.72,usd
c0527,2026-09-15,113.56,usd
c0546,2026-09-15,109.9,usd
c0555,2026-09-15,118.15,usd
c0513,2026-09-15,113.45,usd
c0598,2026-09-15,103.26,usd
c0525,2026-09-15,103.01,usd
c0622,2026-09-15,101.58,usd
c0599,2026-09-15,115.83,usd
c0580,2026-09-15,113.87,usd
c0535,2026-09-15,118.73,usd
c0558,2026-09-15,97.35,usd
c0553,2026-09-15,101.88,usd
c0604,2026-09-15,106.82,usd
c0505,2026-09-15,93.48,usd
c0509,2026-09-15,97.92,usd
c0602,2026-09-15,105.99,usd
c0552,2026-09-15,112.99,usd
c0516,2026-09-15,109.29,usd
c0564,2026-09-15,108.68,usd
c0608,2026-09-15,101.56,usd
c0540,2026-09-15,104.7,usd
c0532,2026-09-15,101.99,usd
c0561,2026-09-15,102.62,usd
c0518,2026-09-15,106.93,usd
c0511,2026-09-15,116.25,usd
c0549,2026-09-15,99.46,usd
c0566,2026-09-15,119.66,usd
c0570,2026-09-15,91.91,usd
c0512,2026-09-15,105.84,usd
c0571,2026-09-15,102.99,usd
c0523,2026-09-15,101.25,usd
c0592,2026-09-15,99.74,usd
c0560,2026-09-15,96.74,usd
c0623,2026-09-15,102.76,usd
c0618,2026-09-15,99.12,usd
c0559,2026-09-15,107.44,usd
c0624,2026-09-15,96.56,usd
c0610,2026-09-15,118.07,usd
c0545,2026-09-15,91.36,usd
c0500,2026-09-15,106.61,usd
c0531,2026-09-15,115.88,usd
c0585,2026-09-15,96.66,usd
c0606,2026-09-15,103.52,usd
c0501,2026-09-15,98.82,usd
c0563,2026-09-15,97.91,usd
c0539,2026-09-15,88.59,usd
c0597,2026-09-15,100.19,usd
c0536,2026-09-15,96.55,usd
c0556,2026-09-15,98.62,usd
c0547,2026-09-15,112.3,usd
c0607,2026-09-15,101.83,usd
c0519,2026-09-15,89.02,usd
c0502,2026-09-15,91.24,usd
c0572,2026-09-15,109.37,usd
c0499,2026-09-15,116.41,usd
c0524,2026-09-15,109.92,usd
c0625,2026-09-15,112.28,usd
c0577,2026-09-15,109.54,usd
c0573,2026-09-15,106.01,usd
c0569,2026-09-15,103.77,usd
c0578,2026-09-15,90.52,usd
c0530,2026-09-15,93.98,usd
c0543,2026-09-15,107.13,usd
c0568,2026-09-15,99.27,usd
c0600,2026-09-15,105.84,usd
c0529,2026-09-15,100.36,usd
c0576,2026-09-15,99.05,usd
c0583,2026-09-15,117.09,usd
c0621,2026-09-15,117.22,usd
c0595,2026-09-15,92.26,usd
c0620,2026-09-15,105.97,usd
c0609,2026-09-15,118.72,usd
c0502,2026-10-15,92.29,usd
c0534,2026-10-15,92.59,usd
c0549,2026-10-15,100.61,usd
c0624,2026-10-15,97.67,usd
c0613,2026-10-15,115.46,usd
c0504,2026-10-15,99.52,usd
c0594,2026-10-15,92.14,usd
c0546,2026-10-15,111.17,usd
c0547,2026-10-15,113.6,usd
c0593,2026-10-15,109.12,usd
c0518,2026-10-15,108.16,usd
c0540,2026-10-15,105.91,usd
c0515,2026-10-15,99.54,usd
c0525,2026-10-15,104.2,usd
c0544,2026-10-15,117.59,usd
c0570,2026-10-15,92.97,usd
c0619,2026-10-15,103.91,usd
c0601,2026-10-15,97.94,usd
c0506,2026-10-15,110.86,usd
c0505,2026-10-15,94.56,usd
c0589,2026-10-15,112.26,usd
c0604,2026-10-15,108.05,usd
c0530,2026-10-15,95.07,usd
c0545,2026-10-15,92.42,usd
c0616,2026-10-15,106.8,usd
c0573,2026-10-15,107.24,usd
c0571,2026-10-15,104.18,usd
c0535,2026-10-15,120.1,usd
c0611,2026-10-15,109.26,usd
c0622,2026-10-15,102.75,usd
c0608,2026-10-15,102.73,usd
c0576,2026-10-15,100.19,usd
c0552,2026-10-15,114.3,usd
c0574,2026-10-15,117.79,usd
c0527,2026-10-15,114.87,usd
c0514,2026-10-15,120.41,usd
c0538,2026-10-15,118.27,usd
c0526,2026-10-15,95.41,usd
c0541,2026-10-15,92.66,usd
c0581,2026-10-15,111.14,usd
c0533,2026-10-15,111.61,usd
c0537,2026-10-15,108.53,usd
c0615,2026-10-15,119.84,usd
c0509,2026-10-15,99.05,usd
c0610,2026-10-15,119.44,usd
c0600,2026-10-15,107.06,usd
c0556,2026-10-15,99.75,usd
c0605,2026-10-15,110.56,usd
c0606,2026-10-15,104.71,usd
c0500,2026-10-15,107.84,usd
c0553,2026-10-15,103.06,usd
c0539,2026-10-15,89.61,usd
c0563,2026-10-15,99.04,usd
c0511,2026-10-15,117.59,usd
c0513,2026-10-15,114.76,usd
c0595,2026-10-15,93.32,usd
c0578,2026-10-15,91.56,usd
c0596,2026-10-15,120.98,usd
c0520,2026-10-15,108.13,usd
c0586,2026-10-15,91.95,usd
c0617,2026-10-15,89.91,usd
c0524,2026-10-15,111.18,usd
c0609,2026-10-15,120.09,usd
c0585,2026-10-15,97.78,usd
c0529,2026-10-15,101.52,usd
c0591,2026-10-15,89.69,usd
c0516,2026-10-15,110.55,usd
c0550,2026-10-15,91.16,usd
c0519,2026-10-15,90.05,usd
c0599,2026-10-15,117.16,usd
c0623,2026-10-15,103.94,usd
c0621,2026-10-15,118.58,usd
c0566,2026-10-15,121.04,usd
c0580,2026-10-15,115.18,usd
c0603,2026-10-15,95.42,usd
c0558,2026-10-15,98.48,usd
c0562,2026-10-15,109.27,usd
c0501,2026-10-15,99.95,usd
c0569,2026-10-15,104.97,usd
c0554,2026-10-15,97.52,usd
c0620,2026-10-15,107.19,usd
c0583,2026-10-15,118.44,usd
c0559,2026-10-15,108.68,usd
c0598,2026-10-15,104.45,usd
c0626,2026-10-15,94.81,usd
c0510,2026-10-15,116.04,usd
c0503,2026-10-15,113.51,usd
c0588,2026-10-15,96.98,usd
c0507,2026-10-15,102.53,usd
c0614,2026-10-15,103.72,usd
c0592,2026-10-15,100.89,usd
c0508,2026-10-15,101.04,usd
c0625,2026-10-15,113.57,usd
c0517,2026-10-15,107.46,usd
c0499,2026-10-15,117.75,usd
c0531,2026-10-15,117.22,usd
c0528,2026-10-15,114.46,usd
c0602,2026-10-15,107.21,usd
c0542,2026-10-15,114.89,usd
c0555,2026-10-15,119.51,usd
c0565,2026-10-15,120.82,usd
c0577,2026-10-15,110.8,usd
c0561,2026-10-15,103.81,usd
c0587,2026-10-15,89.88,usd
c0568,2026-10-15,100.42,usd
c0564,2026-10-15,109.93,usd
c0575,2026-10-15,106.05,usd
c0607,2026-10-15,103.0,usd
c0523,2026-10-15,102.42,usd
c0560,2026-10-15,97.86,usd
c0567,2026-10-15,114.79,usd
c0691,2026-07-15,87.36,usd
c0734,2026-07-15,90.6,usd
c0756,2026-07-15,97.62,usd
c0747,2026-07-15,86.3,usd
c0649,2026-07-15,92.05,usd
c0712,2026-07-15,91.2,usd
c0762,2026-07-15,104.73,usd
c0701,2026-07-15,94.86,usd
c0719,2026-07-15,98.29,usd
c0661,2026-07-15,101.81,usd
c0679,2026-07-15,106.42,usd
c0745,2026-07-15,92.25,usd
c0739,2026-07-15,85.56,usd
c0763,2026-07-15,93.15,usd
c0753,2026-07-15,100.75,usd
c0632,2026-07-15,88.07,usd
c0695,2026-07-15,91.55,usd
c0708,2026-07-15,81.94,usd
c0681,2026-07-15,92.94,usd
c0639,2026-07-15,92.01,usd
c0743,2026-07-15,92.84,usd
c0718,2026-07-15,99.51,usd
c0638,2026-07-15,90.96,usd
c0651,2026-07-15,101.15,usd
c0686,2026-07-15,93.19,usd
c0684,2026-07-15,103.26,usd
c0729,2026-07-15,100.48,usd
c0635,2026-07-15,82.06,usd
c0749,2026-07-15,109.23,usd
c0705,2026-07-15,91.63,usd
c0693,2026-07-15,84.31,usd
c0646,2026-07-15,85.98,usd
c0634,2026-07-15,107.11,usd
c0662,2026-07-15,105.59,usd
c0685,2026-07-15,97.16,usd
c0641,2026-07-15,91.53,usd
c0645,2026-07-15,88.79,usd
c0738,2026-07-15,82.16,usd
c0687,2026-07-15,93.03,usd
c0752,2026-07-15,97.19,usd
c0628,2026-07-15,95.76,usd
c0759,2026-07-15,101.0,usd
c0709,2026-07-15,106.83,usd
c0647,2026-07-15,85.39,usd
c0716,2026-07-15,85.52,usd
c0653,2026-07-15,100.59,usd
c0710,2026-07-15,98.6,usd
c0675,2026-07-15,93.68,usd
c0658,2026-07-15,102.45,usd
c0720,2026-07-15,97.15,usd
c0673,2026-07-15,87.63,usd
c0627,2026-07-15,85.68,usd
c0741,2026-07-15,101.43,usd
c0664,2026-07-15,99.92,usd
c0724,2026-07-15,101.7,usd
c0657,2026-07-15,95.78,usd
c0714,2026-07-15,105.76,usd
c0656,2026-07-15,92.02,usd
c0757,2026-07-15,101.17,usd
c0703,2026-07-15,98.77,usd
c0746,2026-07-15,100.66,usd
c0761,2026-07-15,93.66,usd
c0667,2026-07-15,81.72,usd
c0751,2026-07-15,98.53,usd
c0715,2026-07-15,82.02,usd
c0758,2026-07-15,88.16,usd
c0692,2026-07-15,83.02,usd
c0723,2026-07-15,90.79,usd
c0731,2026-07-15,83.91,usd
c0683,2026-07-15,86.6,usd
c0672,2026-07-15,83.78,usd
c0644,2026-07-15,107.33,usd
c0748,2026-07-15,92.97,usd
c0727,2026-07-15,97.04,usd
c0726,2026-07-15,99.8,usd
c0676,2026-07-15,110.1,usd
c0725,2026-07-15,84.34,usd
c0640,2026-07-15,82.31,usd
c0665,2026-07-15,84.07,usd
c0677,2026-07-15,88.29,usd
c0704,2026-07-15,92.21,usd
c0629,2026-07-15,95.9,usd
c0671,2026-07-15,86.71,usd
c0755,2026-07-15,105.0,usd
c0722,2026-07-15,89.56,usd
c0737,2026-07-15,86.8,usd
c0648,2026-07-15,106.66,usd
c0690,2026-07-15,97.02,usd
c0630,2026-07-15,99.38,usd
c0633,2026-07-15,108.69,usd
c0674,2026-07-15,90.87,usd
c0706,2026-07-15,108.71,usd
c0631,2026-07-15,104.35,usd
c0760,2026-07-15,95.01,usd
c0680,2026-07-15,99.89,usd
c0698,2026-07-15,105.31,usd
c0713,2026-07-15,107.75,usd
c0732,2026-07-15,91.31,usd
c0643,2026-07-15,103.37,usd
c0689,2026-07-15,86.57,usd
c0688,2026-07-15,89.21,usd
c0642,2026-07-15,88.24,usd
c0655,2026-07-15,95.61,usd
c0666,2026-07-15,94.3,usd
c0694,2026-07-15,82.38,usd
c0697,2026-07-15,90.64,usd
c0636,2026-07-15,109.82,usd
c0736,2026-07-15,82.49,usd
c0728,2026-07-15,95.63,usd
c0682,2026-07-15,99.8,usd
c0654,2026-07-15,102.8,usd
c0744,2026-07-15,83.85,usd
c0637,2026-07-15,91.29,usd
c0659,2026-07-15,98.2,usd
c0650,2026-07-15,93.8,usd
c0660,2026-07-15,104.38,usd
c0702,2026-07-15,97.66,usd
c0721,2026-07-15,106.32,usd
c0707,2026-07-15,107.52,usd
c0663,2026-07-15,108.44,usd
c0668,2026-07-15,103.91,usd
c0742,2026-07-15,103.93,usd
c0670,2026-07-15,103.37,usd
c0699,2026-07-15,105.82,usd
c0678,2026-07-15,99.2,usd
c0652,2026-07-15,91.79,usd
c0733,2026-07-15,102.9,usd
c0740,2026-07-15,84.93,usd
c0669,2026-07-15,107.47,usd
c0730,2026-07-15,97.21,usd
c0696,2026-07-15,95.15,usd
c0750,2026-07-15,90.24,usd
c0700,2026-07-15,107.86,usd
c0754,2026-07-15,87.47,usd
c0711,2026-07-15,88.43,usd
c0735,2026-07-15,101.26,usd
c0717,2026-07-15,94.73,usd
c0726,2026-08-15,101.59,usd
c0758,2026-08-15,89.74,usd
c0714,2026-08-15,107.67,usd
c0677,2026-08-15,89.88,usd
c0650,2026-08-15,95.49,usd
c0701,2026-08-15,96.57,usd
c0690,2026-08-15,98.77,usd
c0717,2026-08-15,96.44,usd
c0630,2026-08-15,101.17,usd
c0723,2026-08-15,92.42,usd
c0708,2026-08-15,83.42,usd
c0651,2026-08-15,102.97,usd
c0762,2026-08-15,106.62,usd
c0674,2026-08-15,92.5,usd
c0685,2026-08-15,98.91,usd
c0739,2026-08-15,87.1,usd
c0632,2026-08-15,89.66,usd
c0683,2026-08-15,88.16,usd
c0638,2026-08-15,92.6,usd
c0741,2026-08-15,103.25,usd
c0680,2026-08-15,101.68,usd
c0678,2026-08-15,100.99,usd
c0720,2026-08-15,98.9,usd
c0759,2026-08-15,102.82,usd
c0676,2026-08-15,112.08,usd
c0655,2026-08-15,97.33,usd
c0635,2026-08-15,83.54,usd
c0644,2026-08-15,109.26,usd
c0750,2026-08-15,91.87,usd
c0648,2026-08-15,108.58,usd
c0665,2026-08-15,85.58,usd
c0696,2026-08-15,96.86,usd
c0631,2026-08-15,106.23,usd
c0703,2026-08-15,100.54,usd
c0658,2026-08-15,104.29,usd
c0716,2026-08-15,87.06,usd
c0646,2026-08-15,87.53,usd
c0737,2026-08-15,88.37,usd
c0628,2026-08-15,97.49,usd
c0697,2026-08-15,92.27,usd
c0657,2026-08-15,97.51,usd
c0733,2026-08-15,104.75,usd
c0740,2026-08-15,86.45,usd
c0686,2026-08-15,94.87,usd
c0760,2026-08-15,96.72,usd
c0753,2026-08-15,102.56,usd
c0692,2026-08-15,84.51,usd
c0647,2026-08-15,86.93,usd
c0729,2026-08-15,102.28,usd
c0684,2026-08-15,105.12,usd
c0735,2026-08-15,103.08,usd
c0743,2026-08-15,94.51,usd
c0731,2026-08-15,85.42,usd
c0707,2026-08-15,109.46,usd
c0736,2026-08-15,83.98,usd
c0719,2026-08-15,100.06,usd
c0738,2026-08-15,83.64,usd
c0675,2026-08-15,95.36,usd
c0694,2026-08-15,83.87,usd
c0763,2026-08-15,94.83,usd
c0749,2026-08-15,111.19,usd
c0634,2026-08-15,109.03,usd
c0704,2026-08-15,93.87,usd
c0649,2026-08-15,93.7,usd
c0699,2026-08-15,107.73,usd
c0663,2026-08-15,110.39,usd
c0752,2026-08-15,98.94,usd
c0702,2026-08-15,99.42,usd
c0718,2026-08-15,101.31,usd
c0659,2026-08-15,99.96,usd
c0725,2026-08-15,85.85,usd
c0689,2026-08-15,88.13,usd
c0668,2026-08-15,105.78,usd
c0640,2026-08-15,83.79,usd
c0722,2026-08-15,91.18,usd
c0636,2026-08-15,111.8,usd
c0645,2026-08-15,90.39,usd
c0688,2026-08-15,90.81,usd
c0728,2026-08-15,97.35,usd
c0724,2026-08-15,103.53,usd
c0712,2026-08-15,92.84,usd
c0641,2026-08-15,93.18,usd
c0627,2026-08-15,87.22,usd
c0673,2026-08-15,89.21,usd
c0652,2026-08-15,93.45,usd
c0643,2026-08-15,105.23,usd
c0747,2026-08-15,87.86,usd
c0687,2026-08-15,94.7,usd
c0654,2026-08-15,104.65,usd
c0751,2026-08-15,100.3,usd
c0706,2026-08-15,110.67,usd
c0732,2026-08-15,92.95,usd
c0754,2026-08-15,89.05,usd
c0671,2026-08-15,88.27,usd
c0682,2026-08-15,101.59,usd
c0661,2026-08-15,103.64,usd
c0662,2026-08-15,107.49,usd
c0681,2026-08-15,94.61,usd
c0746,2026-08-15,102.47,usd
c0672,2026-08-15,85.29,usd
c0742,2026-08-15,105.8,usd
c0667,2026-08-15,83.19,usd
c0679,2026-08-15,108.33,usd
c0629,2026-08-15,97.62,usd
c0653,2026-08-15,102.4,usd
c0727,2026-08-15,98.79,usd
c0693,2026-08-15,85.83,usd
c0637,2026-08-15,92.94,usd
c0642,2026-08-15,89.82,usd
c0660,2026-08-15,106.26,usd
c0669,2026-08-15,109.4,usd
c0709,2026-08-15,108.76,usd
c0670,2026-08-15,105.23,usd
c0757,2026-08-15,102.99,usd
c0639,2026-08-15,93.67,usd
c0664,2026-08-15,101.72,usd
c0713,2026-08-15,109.69,usd
c0700,2026-08-15,109.8,usd
c0710,2026-08-15,100.37,usd
c0744,2026-08-15,85.36,usd
c0745,2026-08-15,93.91,usd
c0656,2026-08-15,93.68,usd
c0666,2026-08-15,96.0,usd
c0691,2026-08-15,88.94,usd
c0711,2026-08-15,90.03,usd
c0695,2026-08-15,93.2,usd
c0721,2026-08-15,108.23,usd
c0633,2026-08-15,110.65,usd
c0730,2026-08-15,98.96,usd
c0761,2026-08-15,95.35,usd
c0751,2026-09-15,101.48,usd
c0708,2026-09-15,84.4,usd
c0737,2026-09-15,89.41,usd
c0654,2026-09-15,105.88,usd
c0742,2026-09-15,107.05,usd
c0672,2026-09-15,86.29,usd
c0682,2026-09-15,102.79,usd
c0635,2026-09-15,84.53,usd
c0719,2026-09-15,101.24,usd
c0763,2026-09-15,95.95,usd
c0728,2026-09-15,98.5,usd
c0726,2026-09-15,102.79,usd
c0762,2026-09-15,107.87,usd
c0713,2026-09-15,110.98,usd
c0755,2026-09-15,108.15,usd
c0681,2026-09-15,95.72,usd
c0740,2026-09-15,87.47,usd
c0674,2026-09-15,93.59,usd
c0715,2026-09-15,84.48,usd
c0638,2026-09-15,93.69,usd
c0669,2026-09-15,110.69,usd
c0649,2026-09-15,94.81,usd
c0644,2026-09-15,110.55,usd
c0692,2026-09-15,85.51,usd
c0698,2026-09-15,108.47,usd
c0738,2026-09-15,84.62,usd
c0743,2026-09-15,95.62,usd
c0701,2026-09-15,97.7,usd
c0631,2026-09-15,107.48,usd
c0639,2026-09-15,94.77,usd
c0752,2026-09-15,100.1,usd
c0666,2026-09-15,97.13,usd
c0646,2026-09-15,88.56,usd
c0705,2026-09-15,94.38,usd
c0702,2026-09-15,100.59,usd
c0655,2026-09-15,98.48,usd
c0647,2026-09-15,87.95,usd
c0716,2026-09-15,88.09,usd
c0678,2026-09-15,102.18,usd
c0684,2026-09-15,106.35,usd
c0735,2026-09-15,104.29,usd
c0685,2026-09-15,100.08,usd
c0627,2026-09-15,88.25,usd
c0733,2026-09-15,105.99,usd
c0632,2026-09-15,90.71,usd
c0718,2026-09-15,102.5,usd
c0634,2026-09-15,110.32,usd
c0629,2026-09-15,98.77,usd
c0664,2026-09-15,102.91,usd
c0721,2026-09-15,109.51,usd
c0643,2026-09-15,106.47,usd
c0739,2026-09-15,88.13,usd
c0736,2026-09-15,84.97,usd
c0660,2026-09-15,107.52,usd
c0759,2026-09-15,104.03,usd
c0633,2026-09-15,111.95,usd
c0741,2026-09-15,104.47,usd
c0677,2026-09-15,90.94,usd
c0642,2026-09-15,90.88,usd
c0744,2026-09-15,86.37,usd
c0717,2026-09-15,97.57,usd
c0711,2026-09-15,91.09,usd
c0712,2026-09-15,93.94,usd
c0720,2026-09-15,100.07,usd
c0753,2026-09-15,103.77,usd
c0747,2026-09-15,88.89,usd
c0661,2026-09-15,104.86,usd
c0746,2026-09-15,103.68,usd
c0709,2026-09-15,110.04,usd
c0706,2026-09-15,111.98,usd
c0697,2026-09-15,93.36,usd
c0695,2026-09-15,94.3,usd
c0651,2026-09-15,104.19,usd
c0748,2026-09-15,95.76,usd
c0730,2026-09-15,100.13,usd
c0756,2026-09-15,100.54,usd
c0640,2026-09-15,84.78,usd
c0758,2026-09-15,90.8,usd
c0734,2026-09-15,93.32,usd
c0630,2026-09-15,102.36,usd
c0652,2026-09-15,94.55,usd
c0694,2026-09-15,84.86,usd
c0729,2026-09-15,103.49,usd
c0725,2026-09-15,86.87,usd
c0641,2026-09-15,94.28,usd
c0700,2026-09-15,111.1,usd
c0710,2026-09-15,101.55,usd
c0650,2026-09-15,96.61,usd
c0707,2026-09-15,110.75,usd
c0668,2026-09-15,107.03,usd
c0690,2026-09-15,99.93,usd
c0704,2026-09-15,94.97,usd
c0693,2026-09-15,86.84,usd
c0749,2026-09-15,112.51,usd
c0670,2026-09-15,106.47,usd
c0760,2026-09-15,97.86,usd
c0686,2026-09-15,95.98,usd
c0628,2026-09-15,98.64,usd
c0696,2026-09-15,98.0,usd
c0757,2026-09-15,104.2,usd
c0691,2026-09-15,89.98,usd
c0645,2026-09-15,91.46,usd
c0761,2026-09-15,96.47,usd
c0637,2026-09-15,94.03,usd
c0673,2026-09-15,90.26,usd
c0671,2026-09-15,89.31,usd
c0727,2026-09-15,99.95,usd
c0689,2026-09-15,89.17,usd
c0636,2026-09-15,113.12,usd
c0679,2026-09-15,109.61,usd
c0754,2026-09-15,90.1,usd
c0653,2026-09-15,103.61,usd
c0680,2026-09-15,102.88,usd
c0683,2026-09-15,89.2,usd
c0687,2026-09-15,95.82,usd
c0648,2026-09-15,109.86,usd
c0663,2026-09-15,111.69,usd
c0659,2026-09-15,101.14,usd
c0665,2026-09-15,86.59,usd
c0657,2026-09-15,98.65,usd
c0703,2026-09-15,101.73,usd
c0724,2026-09-15,104.75,usd
c0658,2026-09-15,105.52,usd
c0675,2026-09-15,96.49,usd
c0699,2026-09-15,109.0,usd
c0677,2026-10-15,92.0,usd
c0666,2026-10-15,98.26,usd
c0733,2026-10-15,107.22,usd
c0654,2026-10-15,107.11,usd
c0699,2026-10-15,110.27,usd
c0633,2026-10-15,113.26,usd
c0749,2026-10-15,113.82,usd
c0682,2026-10-15,103.99,usd
c0705,2026-10-15,95.48,usd
c0695,2026-10-15,95.4,usd
c0630,2026-10-15,103.55,usd
c0746,2026-10-15,104.89,usd
c0669,2026-10-15,111.98,usd
c0659,2026-10-15,102.32,usd
c0667,2026-10-15,85.15,usd
c0662,2026-10-15,110.03,usd
c0640,2026-10-15,85.77,usd
c0726,2026-10-15,103.99,usd
c0696,2026-10-15,99.14,usd
c0751,2026-10-15,102.66,usd
c0632,2026-10-15,91.77,usd
c0693,2026-10-15,87.85,usd
c0713,2026-10-15,112.27,usd
c0636,2026-10-15,114.44,usd
c0650,2026-10-15,97.74,usd
c0727,2026-10-15,101.12,usd
c0720,2026-10-15,101.23,usd
c0743,2026-10-15,96.74,usd
c0719,2026-10-15,102.42,usd
c0674,2026-10-15,94.68,usd
c0714,2026-10-15,110.21,usd
c0668,2026-10-15,108.28,usd
c0718,2026-10-15,103.69,usd
c0687,2026-10-15,96.94,usd
c0729,2026-10-15,104.7,usd
c0734,2026-10-15,94.41,usd
c0641,2026-10-15,95.38,usd
c0647,2026-10-15,88.98,usd
c0683,2026-10-15,90.24,usd
c0763,2026-10-15,97.06,usd
c0762,2026-10-15,109.13,usd
c0758,2026-10-15,91.86,usd
c0755,2026-10-15,109.41,usd
c0717,2026-10-15,98.71,usd
c0728,2026-10-15,99.65,usd
c0704,2026-10-15,96.08,usd
c0661,2026-10-15,106.08,usd
c0737,2026-10-15,90.45,usd
c0722,2026-10-15,93.33,usd
c0638,2026-10-15,94.78,usd
c0753,2026-10-15,104.98,usd
c0694,2026-10-15,85.84,usd
c0652,2026-10-15,95.65,usd
c0738,2026-10-15,85.61,usd
c0629,2026-10-15,99.92,usd
c0679,2026-10-15,110.89,usd
c0761,2026-10-15,97.59,usd
c0712,2026-10-15,95.03,usd
c0671,2026-10-15,90.35,usd
c0634,2026-10-15,111.6,usd
c0645,2026-10-15,92.52,usd
c0709,2026-10-15,111.32,usd
c0688,2026-10-15,92.96,usd
c0700,2026-10-15,112.39,usd
c0730,2026-10-15,101.3,usd
c0744,2026-10-15,87.37,usd
c0756,2026-10-15,101.72,usd
c0653,2026-10-15,104.82,usd
c0742,2026-10-15,108.29,usd
c0735,2026-10-15,105.51,usd
c0750,2026-10-15,94.03,usd
c0701,2026-10-15,98.84,usd
c0646,2026-10-15,89.59,usd
c0697,2026-10-15,94.45,usd
c0672,2026-10-15,87.3,usd
c0710,2026-10-15,102.74,usd
c0747,2026-10-15,89.93,usd
c0692,2026-10-15,86.5,usd
c0658,2026-10-15,106.75,usd
c0689,2026-10-15,90.21,usd
c0732,2026-10-15,95.15,usd
c0631,2026-10-15,108.73,usd
c0685,2026-10-15,101.25,usd
c0637,2026-10-15,95.13,usd
c0660,2026-10-15,108.77,usd
c0686,2026-10-15,97.1,usd
c0642,2026-10-15,91.94,usd
c0736,2026-10-15,85.96,usd
c0680,2026-10-15,104.08,usd
c0663,2026-10-15,112.99,usd
c0655,2026-10-15,99.63,usd
c0752,2026-10-15,101.27,usd
c0665,2026-10-15,87.6,usd
c0628,2026-10-15,99.79,usd
c0649,2026-10-15,95.91,usd
c0644,2026-10-15,111.83,usd
c0651,2026-10-15,105.4,usd
c0673,2026-10-15,91.32,usd
c0725,2026-10-15,87.88,usd
c0681,2026-10-15,96.84,usd
c0656,2026-10-15,95.89,usd
c0643,2026-10-15,107.71,usd
c0715,2026-10-15,85.47,usd
c0690,2026-10-15,101.1,usd
c0760,2026-10-15,99.0,usd
c0731,2026-10-15,87.43,usd
c0698,2026-10-15,109.74,usd
c0716,2026-10-15,89.12,usd
c0691,2026-10-15,91.03,usd
c0706,2026-10-15,113.28,usd
c0748,2026-10-15,96.87,usd
c0675,2026-10-15,97.61,usd
c0670,2026-10-15,107.71,usd
c0664,2026-10-15,104.11,usd
c0745,2026-10-15,96.12,usd
c0757,2026-10-15,105.42,usd
c0759,2026-10-15,105.25,usd
c0711,2026-10-15,92.15,usd
c0627,2026-10-15,89.27,usd
c0741,2026-10-15,105.69,usd
c0723,2026-10-15,94.6,usd
c0870,2026-08-15,102.54,usd
c0843,2026-08-15,101.54,usd
c0799,2026-08-15,85.58,usd
c0794,2026-08-15,85.61,usd
c0776,2026-08-15,99.54,usd
c0874,2026-08-15,111.26,usd
c0808,2026-08-15,88.46,usd
c0835,2026-08-15,110.86,usd
c0873,2026-08-15,104.72,usd
c0784,2026-08-15,111.52,usd
c0853,2026-08-15,110.49,usd
c0816,2026-08-15,100.66,usd
c0786,2026-08-15,95.18,usd
c0800,2026-08-15,83.97,usd
c0833,2026-08-15,92.16,usd
c0869,2026-08-15,112.24,usd
c0841,2026-08-15,108.35,usd
c0898,2026-08-15,95.84,usd
c0890,2026-08-15,101.78,usd
c0778,2026-08-15,87.63,usd
c0807,2026-08-15,86.38,usd
c0828,2026-08-15,98.87,usd
c0771,2026-08-15,103.52,usd
c0856,2026-08-15,97.19,usd
c0765,2026-08-15,101.82,usd
c0806,2026-08-15,109.87,usd
c0803,2026-08-15,103.65,usd
c0792,2026-08-15,89.97,usd
c0880,2026-08-15,109.54,usd
c0900,2026-08-15,107.03,usd
c0827,2026-08-15,100.21,usd
c0809,2026-08-15,107.03,usd
c0768,2026-08-15,105.69,usd
c0864,2026-08-15,111.4,usd
c0830,2026-08-15,85.76,usd
c0774,2026-08-15,94.9,usd
c0887,2026-08-15,88.82,usd
c0913,2026-08-15,86.86,usd
c0782,2026-08-15,106.35,usd
c0783,2026-08-15,104.91,usd
c0773,2026-08-15,88.89,usd
c0832,2026-08-15,112.12,usd
c0845,2026-08-15,86.39,usd
c0801,2026-08-15,84.91,usd
c0884,2026-08-15,107.37,usd
c0836,2026-08-15,106.81,usd
c0812,2026-08-15,100.54,usd
c0772,2026-08-15,107.93,usd
c0814,2026-08-15,109.48,usd
c0865,2026-08-15,92.58,usd
c0818,2026-08-15,86.21,usd
c0770,2026-08-15,88.32,usd
c0871,2026-08-15,101.56,usd
c0852,2026-08-15,92.89,usd
c0903,2026-08-15,105.79,usd
c0905,2026-08-15,108.48,usd
c0780,2026-08-15,99.79,usd
c0896,2026-08-15,104.51,usd
c0789,2026-08-15,95.28,usd
c0842,2026-08-15,106.84,usd
c0875,2026-08-15,103.21,usd
c0859,2026-08-15,109.49,usd
c0802,2026-08-15,108.16,usd
c0906,2026-08-15,88.83,usd
c0911,2026-08-15,98.15,usd
c0785,2026-08-15,84.29,usd
c0883,2026-08-15,105.15,usd
c0797,2026-08-15,90.64,usd
c0823,2026-08-15,102.72,usd
c0860,2026-08-15,101.45,usd
c0872,2026-08-15,99.62,usd
c0796,2026-08-15,102.22,usd
c0781,2026-08-15,94.75,usd
c0899,2026-08-15,97.56,usd
c0850,2026-08-15,106.32,usd
c0838,2026-08-15,94.75,usd
c0851,2026-08-15,94.74,usd
c0894,2026-08-15,100.37,usd
c0791,2026-08-15,97.4,usd
c0863,2026-08-15,84.62,usd
c0857,2026-08-15,89.58,usd
c0820,2026-08-15,110.44,usd
c0877,2026-08-15,84.09,usd
c0848,2026-08-15,110.44,usd
c0893,2026-08-15,92.95,usd
c0795,2026-08-15,93.28,usd
c0881,2026-08-15,90.59,usd
c0846,2026-08-15,94.8,usd
c0901,2026-08-15,105.56,usd
c0909,2026-08-15,95.78,usd
c0819,2026-08-15,93.03,usd
c0821,2026-08-15,92.84,usd
c0849,2026-08-15,100.86,usd
c0831,2026-08-15,85.38,usd
c0892,2026-08-15,88.97,usd
c0805,2026-08-15,89.28,usd
c0878,2026-08-15,85.26,usd
c0779,2026-08-15,98.98,usd
c0888,2026-08-15,91.56,usd
c0907,2026-08-15,88.73,usd
c0861,2026-08-15,96.49,usd
c0815,2026-08-15,103.02,usd
c0904,2026-08-15,102.19,usd
c0897,2026-08-15,102.31,usd
c0867,2026-08-15,97.33,usd
c0862,2026-08-15,85.6,usd
c0866,2026-08-15,93.93,usd
c0822,2026-08-15,91.54,usd
c0829,2026-08-15,85.32,usd
c0844,2026-08-15,85.44,usd
c0810,2026-08-15,111.63,usd
c0767,2026-08-15,92.18,usd
c0882,2026-08-15,89.14,usd
c0777,2026-08-15,91.92,usd
c0804,2026-08-15,103.36,usd
c0788,2026-08-15,104.07,usd
c0787,2026-08-15,107.42,usd
c0895,2026-08-15,91.29,usd
c0847,2026-08-15,107.82,usd
c0839,2026-08-15,86.01,usd
c0912,2026-08-15,94.75,usd
c0775,2026-08-15,85.28,usd
c0886,2026-08-15,84.7,usd
c0837,2026-08-15,97.27,usd
c0868,2026-08-15,96.95,usd
c0834,2026-08-15,86.86,usd
c0891,2026-08-15,102.87,usd
c0793,2026-08-15,97.26,usd
c0854,2026-08-15,92.65,usd
c0902,2026-08-15,112.69,usd
c0908,2026-08-15,86.38,usd
c0889,2026-08-15,109.41,usd
c0798,2026-08-15,94.29,usd
c0824,2026-08-15,106.0,usd
c0876,2026-08-15,86.37,usd
c0811,2026-08-15,97.33,usd
c0790,2026-08-15,84.05,usd
c0764,2026-08-15,101.43,usd
c0825,2026-08-15,96.85,usd
c0885,2026-08-15,91.82,usd
c0858,2026-08-15,92.91,usd
c0914,2026-08-15,107.37,usd
c0813,2026-08-15,92.39,usd
c0910,2026-08-15,111.14,usd
c0817,2026-08-15,97.88,usd
c0826,2026-08-15,108.18,usd
c0855,2026-08-15,84.85,usd
c0766,2026-08-15,93.88,usd
c0769,2026-08-15,90.61,usd
c0840,2026-08-15,84.96,usd
c0879,2026-08-15,85.63,usd
c0836,2026-09-15,108.84,usd
c0913,2026-09-15,88.51,usd
c0774,2026-09-15,96.7,usd
c0770,2026-09-15,90.0,usd
c0864,2026-09-15,113.52,usd
c0872,2026-09-15,101.52,usd
c0851,2026-09-15,96.54,usd
c0826,2026-09-15,110.24,usd
c0843,2026-09-15,103.47,usd
c0904,2026-09-15,104.13,usd
c0829,2026-09-15,86.94,usd
c0833,2026-09-15,93.91,usd
c0787,2026-09-15,109.46,usd
c0783,2026-09-15,106.9,usd
c0914,2026-09-15,109.41,usd
c0899,2026-09-15,99.41,usd
c0796,2026-09-15,104.17,usd
c0838,2026-09-15,96.55,usd
c0781,2026-09-15,96.55,usd
c0878,2026-09-15,86.88,usd
c0884,2026-09-15,109.41,usd
c0822,2026-09-15,93.28,usd
c0780,2026-09-15,101.69,usd
c0810,2026-09-15,113.75,usd
c0819,2026-09-15,94.8,usd
c0839,2026-09-15,87.65,usd
c0800,2026-09-15,85.57,usd
c0845,2026-09-15,88.03,usd
c0848,2026-09-15,112.54,usd
c0809,2026-09-15,109.06,usd
c0764,2026-09-15,103.36,usd
c0832,2026-09-15,114.25,usd
c0825,2026-09-15,98.69,usd
c0820,2026-09-15,112.54,usd
c0779,2026-09-15,100.86,usd
c0862,2026-09-15,87.23,usd
c0901,2026-09-15,107.57,usd
c0877,2026-09-15,85.69,usd
c0887,2026-09-15,90.51,usd
c0871,2026-09-15,103.49,usd
c0854,2026-09-15,94.41,usd
c0890,2026-09-15,103.72,usd
c0834,2026-09-15,88.51,usd
c0883,2026-09-15,107.14,usd
c0765,2026-09-15,103.76,usd
c0879,2026-09-15,87.26,usd
c0830,2026-09-15,87.39,usd
c0866,2026-09-15,95.72,usd
c0852,2026-09-15,94.66,usd
c0777,2026-09-15,93.66,usd
c0827,2026-09-15,102.11,usd
c0876,2026-09-15,88.01,usd
c0849,2026-09-15,102.78,usd
c0767,2026-09-15,93.94,usd
c0903,2026-09-15,107.8,usd
c0808,2026-09-15,90.14,usd
c0891,2026-09-15,104.82,usd
c0855,2026-09-15,86.47,usd
c0773,2026-09-15,90.58,usd
c0911,2026-09-15,100.02,usd
c0805,2026-09-15,90.98,usd
c0870,2026-09-15,104.49,usd
c0856,2026-09-15,99.04,usd
c0896,2026-09-15,106.5,usd
c0847,2026-09-15,109.87,usd
c0867,2026-09-15,99.18,usd
c0795,2026-09-15,95.05,usd
c0828,2026-09-15,100.75,usd
c0859,2026-09-15,111.57,usd
c0816,2026-09-15,102.57,usd
c0786,2026-09-15,96.99,usd
c0842,2026-09-15,108.87,usd
c0804,2026-09-15,105.32,usd
c0776,2026-09-15,101.43,usd
c0821,2026-09-15,94.61,usd
c0906,2026-09-15,90.52,usd
c0794,2026-09-15,87.24,usd
c0874,2026-09-15,113.37,usd
c0857,2026-09-15,91.28,usd
c0853,2026-09-15,112.59,usd
c0831,2026-09-15,87.0,usd
c0860,2026-09-15,103.38,usd
c0885,2026-09-15,93.56,usd
c0835,2026-09-15,112.97,usd
c0799,2026-09-15,87.2,usd
c0881,2026-09-15,92.31,usd
c0894,2026-09-15,102.27,usd
c0909,2026-09-15,97.6,usd
c0880,2026-09-15,111.63,usd
c0892,2026-09-15,90.66,usd
c0778,2026-09-15,89.3,usd
c0797,2026-09-15,92.37,usd
c0905,2026-09-15,110.55,usd
c0889,2026-09-15,111.49,usd
c0818,2026-09-15,87.85,usd
c0785,2026-09-15,85.89,usd
c0793,2026-09-15,99.11,usd
c0873,2026-09-15,106.71,usd
c0824,2026-09-15,108.01,usd
c0844,2026-09-15,87.07,usd
c0798,2026-09-15,96.08,usd
c0771,2026-09-15,105.49,usd
c0863,2026-09-15,86.23,usd
c0766,2026-09-15,95.67,usd
c0846,2026-09-15,96.6,usd
c0900,2026-09-15,109.07,usd
c0858,2026-09-15,94.68,usd
c0908,2026-09-15,88.02,usd
c0782,2026-09-15,108.37,usd
c0868,2026-09-15,98.79,usd
c0772,2026-09-15,109.98,usd
c0803,2026-09-15,105.62,usd
c0869,2026-09-15,114.38,usd
c0775,2026-09-15,86.9,usd
c0784,2026-09-15,113.64,usd
c0886,2026-09-15,86.31,usd
c0790,2026-09-15,85.64,usd
c0801,2026-09-15,86.52,usd
c0893,2026-09-15,94.71,usd
c0811,2026-09-15,99.18,usd
c0813,2026-09-15,94.15,usd
c0882,2026-09-15,90.83,usd
c0789,2026-09-15,97.09,usd
c0897,2026-09-15,104.25,usd
c0910,2026-09-15,113.25,usd
c0850,2026-09-15,108.34,usd
c0865,2026-09-15,94.34,usd
c0840,2026-09-15,86.57,usd
c0791,2026-09-15,99.25,usd
c0788,2026-09-15,106.05,usd
c0817,2026-09-15,99.74,usd
c0861,2026-09-15,98.33,usd
c0907,2026-09-15,90.42,usd
c0912,2026-09-15,96.55,usd
c0895,2026-09-15,93.03,usd
c0888,2026-09-15,93.3,usd
c0812,2026-09-15,102.45,usd
c0806,2026-09-15,111.96,usd
c0807,2026-09-15,88.02,usd
c0823,2026-09-15,104.67,usd
c0902,2026-09-15,114.83,usd
c0875,2026-09-15,105.17,usd
c0898,2026-09-15,97.66,usd
c0792,2026-09-15,91.68,usd
c0843,2026-10-15,104.68,usd
c0901,2026-10-15,108.84,usd
c0850,2026-10-15,109.62,usd
c0897,2026-10-15,105.48,usd
c0789,2026-10-15,98.24,usd
c0764,2026-10-15,104.58,usd
c0855,2026-10-15,87.48,usd
c0845,2026-10-15,89.07,usd
c0847,2026-10-15,111.16,usd
c0831,2026-10-15,88.02,usd
c0839,2026-10-15,88.68,usd
c0805,2026-10-15,92.05,usd
c0838,2026-10-15,97.69,usd
c0834,2026-10-15,89.55,usd
c0798,2026-10-15,97.21,usd
c0799,2026-10-15,88.23,usd
c0907,2026-10-15,91.48,usd
c0794,2026-10-15,88.27,usd
c0898,2026-10-15,98.81,usd
c0841,2026-10-15,111.71,usd
c0879,2026-10-15,88.29,usd
c0866,2026-10-15,96.84,usd
c0892,2026-10-15,91.73,usd
c0856,2026-10-15,100.21,usd
c0886,2026-10-15,87.33,usd
c0788,2026-10-15,107.3,usd
c0827,2026-10-15,103.31,usd
c0820,2026-10-15,113.86,usd
c0776,2026-10-15,102.63,usd
c0785,2026-10-15,86.9,usd
c0782,2026-10-15,109.65,usd
c0778,2026-10-15,90.35,usd
c0849,2026-10-15,103.99,usd
c0881,2026-10-15,93.39,usd
c0815,2026-10-15,106.21,usd
c0875,2026-10-15,106.41,usd
c0888,2026-10-15,94.39,usd
c0769,2026-10-15,93.42,usd
c0830,2026-10-15,88.42,usd
c0796,2026-10-15,105.39,usd
c0874,2026-10-15,114.71,usd
c0818,2026-10-15,88.88,usd
c0826,2026-10-15,111.54,usd
c0910,2026-10-15,114.59,usd
c0812,2026-10-15,103.65,usd
c0870,2026-10-15,105.72,usd
c0902,2026-10-15,116.18,usd
c0790,2026-10-15,86.65,usd
c0878,2026-10-15,87.9,usd
c0784,2026-10-15,114.98,usd
c0817,2026-10-15,100.91,usd
c0900,2026-10-15,110.35,usd
c0893,2026-10-15,95.83,usd
c0871,2026-10-15,104.71,usd
c0865,2026-10-15,95.45,usd
c0852,2026-10-15,95.77,usd
c0911,2026-10-15,101.19,usd
c0807,2026-10-15,89.06,usd
c0775,2026-10-15,87.93,usd
c0813,2026-10-15,95.26,usd
c0832,2026-10-15,115.6,usd
c0877,2026-10-15,86.7,usd
c0802,2026-10-15,111.52,usd
c0781,2026-10-15,97.69,usd
c0844,2026-10-15,88.09,usd
c0823,2026-10-15,105.91,usd
c0882,2026-10-15,91.9,usd
c0836,2026-10-15,110.12,usd
c0771,2026-10-15,106.73,usd
c0767,2026-10-15,95.04,usd
c0864,2026-10-15,114.85,usd
c0861,2026-10-15,99.49,usd
c0873,2026-10-15,107.97,usd
c0903,2026-10-15,109.07,usd
c0860,2026-10-15,104.59,usd
c0835,2026-10-15,114.3,usd
c0896,2026-10-15,107.75,usd
c0772,2026-10-15,111.28,usd
c0770,2026-10-15,91.06,usd
c0783,2026-10-15,108.16,usd
c0913,2026-10-15,89.55,usd
c0821,2026-10-15,95.72,usd
c0914,2026-10-15,110.7,usd
c0887,2026-10-15,91.58,usd
c0906,2026-10-15,91.58,usd
c0842,2026-10-15,110.15,usd
c0808,2026-10-15,91.2,usd
c0872,2026-10-15,102.71,usd
c0801,2026-10-15,87.54,usd
c0803,2026-10-15,106.86,usd
c0780,2026-10-15,102.88,usd
c0905,2026-10-15,111.85,usd
c0885,2026-10-15,94.66,usd
c0909,2026-10-15,98.75,usd
c0876,2026-10-15,89.04,usd
c0773,2026-10-15,91.65,usd
c0840,2026-10-15,87.59,usd
c0828,2026-10-15,101.94,usd
c0853,2026-10-15,113.91,usd
c0833,2026-10-15,95.02,usd
c0829,2026-10-15,87.97,usd
c0822,2026-10-15,94.37,usd
c0891,2026-10-15,106.06,usd
c0904,2026-10-15,105.36,usd
c0806,2026-10-15,113.28,usd
c0804,2026-10-15,106.56,usd
c0854,2026-10-15,95.52,usd
c0779,2026-10-15,102.05,usd
c0848,2026-10-15,113.86,usd
c0793,2026-10-15,100.27,usd
c0846,2026-10-15,97.74,usd
c0884,2026-10-15,110.69,usd
c0894,2026-10-15,103.48,usd
c0859,2026-10-15,112.88,usd
c0880,2026-10-15,112.94,usd
c0868,2026-10-15,99.96,usd
c0765,2026-10-15,104.98,usd
c0858,2026-10-15,95.79,usd
c0809,2026-10-15,110.34,usd
c0810,2026-10-15,115.09,usd
c0869,2026-10-15,115.72,usd
c0791,2026-10-15,100.42,usd
c0912,2026-10-15,97.69,usd
c0883,2026-10-15,108.41,usd
c0786,2026-10-15,98.13,usd
c0890,2026-10-15,104.94,usd
c0795,2026-10-15,96.17,usd
c0867,2026-10-15,100.35,usd
c0816,2026-10-15,103.78,usd
c0819,2026-10-15,95.91,usd
c0814,2026-10-15,112.87,usd
c0797,2026-10-15,93.45,usd
c0768,2026-10-15,108.97,usd
c0787,2026-10-15,110.75,usd
c0863,2026-10-15,87.25,usd
c0857,2026-10-15,92.35,usd
c0862,2026-10-15,88.25,usd
c0889,2026-10-15,112.8,usd
